English,French,Ewondo - AGLC,Prefixe nominal,Word: mot,Prefixe,Stem: radical de base,Suffixe,Nominal class,Gender,Part of speech,Notes
reward,récompense,aan (m-/m-),m-/m-,a-an,,a-,an,cl6a/cl6a,Gender-3j,nom,
palm,palmiste,baǹ (n-/min-),n-/min-,ban,,ban,ø,cl3/cl4,Gender-2,nom,
hairy,chevelu,sili (e-/bi-),e-/bi-,sil-i,,sil-,i,cl7/cl8,Gender-4,nom,
cage,cage,fɔi (e-/bi-),e-/bi-,fo-i,,fo-,i,cl7/cl8,Gender-4,nom,
canot,canoe,al (m-/by-),m-/by-,al,,al,ø,cl6a/cl8a,Gender-11,nom,
matter,affaire,am (dz-/m-),dz-/m-,am,,am,ø,cl5a/cl6a,Gender-3b,nom,
fondue pot,caquelon,fulafan (ø-/ø-),ø-/ø-,fulafan,,fulafan,ø,cl9/cl10,Gender-5,nom,
sister of a girl or brother of a boy,sœur de la fille ou frère du garçon,anyaǹ (m-/bə-),m-/bë-,a-nyan,a,-nyan,ø,cl1/cl2,Gender-1,nom,
watch,montre,was (ø-/m-),ø-/m-,was,,was,ø,cl9/cl6a,Gender-7a,nom,
competition,rivalité,ba (e-/e-),e-/e-,ba,,ba,ø,cl7/cl7,Gender-4a,nom,
resentment,rancune,ba (bi-/bi-),bi-/bi-,ba,,ba,ø,cl8/cl8,Gender-4b,nom,
cockroach,cafadeux,ba (e-/bi-),e-/bi-,ba,,ba,ø,cl7/cl8,Gender-4,nom,
catchment,captation: bád-ág ,badag (e-/bi-),e-/bi-,bad-ag,,bad-,ag,cl7/cl8,Gender-4,nom,
calamity,calamité,badəlɔg (ø-/ø-),ø-/ø-,badëlog,,badëlog,ø,cl9/cl10,Gender-5,nom,
gravel,caillouteux,bag (a-/mə-),a-/më-,bag,,bag,ø,cl5/cl6,Gender-3,nom,
shooping bag,cabas,bali zam (e-/bi-),e-/bi-,bal-i zam,,bal-i zam,ø,cl7/cl8,Gender-4,nom,
canteen,cantine,bali zəǹ (e-/bi-),e-/bi-,bal-i zën,,bal-,i- zën,cl7/cl8,Gender-4,nom,
cafeteria,cantine,bali zəǹ (e-/bi-),e-/bi-,bali zën,,bali zën,ø,cl7/cl8,Gender-4,nom,
cod,cabillaud,bam ekono (a-/m-),a-/m-,bam ekono,,bam ekono,ø,cl5/cl6a,Gendre-3a,nom,
canteen,caniculaire,bamandan (a-/mə-),a-/më-,bamand-an,,bamand-,an,cl5/cl6,Gender-3,nom,
stone,caillou,baǹ (e-/bi-),e-/bi-,ban,,ban,ø,cl7/cl8,Gender-4,nom,
callus,cal,baǹ (n-/min-),n-/min-,ban,,ban,ø,cl3/cl4,Gender-2,nom,
clot,caillot,baǹ (e-/bi-),e-/bi-,ban,,ban,ø,cl7/cl8,Gender-4,nom,
theatre play,pièce de théâtre,banda (e-/bi-),e-/bi-,band-a,,band,a,cl7/cl8,Gender-4,nom,
cannabis,cannabis,banga (ø-/ø-),ø-/ø-,bang-a,,bang,a,cl9/cl10,Gender-5,nom,
dough,pâte,bas (e-/bi-),e-/bi-,bas,,bas,ø,cl7/cl8,Gender-4,nom,
scale,écaille,bas (e-/bi-),e-/bi-,bas,,bas,ø,cl7/cl8,Gender-4,nom,
stubborn,cabochard,bayag (e-/bi-),e-/bi-,bayag,,bayag,ø,cl7/cl8,Gender-4,nom,
cackle,caquet,bəbəg (e-/bi-),e-/bi-,bë-bëg,bë,-bëg,ø,cl7/cl8,Gender-4,nom,
junior,cadet,bədan (e-/bi-),e-/bi-,bëd-an,,bëd-,an,cl7/cl8,Gender-4,nom,
capstan,cabestan,bede (e-/bi-),e-/bi-,bed-e,,bed-,e,cl7/cl8,Gender-4,nom,
be able to lift,être capable de soulever,bedəban (e-/bi-),e-/bi-,bed-ëb-an,,bed-,ëb-an,cl7/cl8,Gender-4,nom,
complement,complement,bədəga (e-/bi-),e-/bi-,bëd-ëg-a,,bëd-,ëg-a,cl7/cl8,Gender-4,nom,
caryatids,cariatide,bəgə (e-/bi-),e-/bi-,bëg-ë,,bëg-,ë,cl7/cl8,Gender-4,nom,
charring,carbonisation,bəgəle (e-/bi-),e-/bi-,bëg-ël-e,,bëg-,ël-ë,cl7/cl8,Gender-4,nom,
calcination,calcination,bəgəle (e-/bi-),e-/bi-,bëg-ël-e,,bëg-,ël-ë,cl7/cl8,Gender-4,nom,
defacing,cafardage,bəgəle (a-/mə-),a-/më-,bëg-ël-e,,bëg-,ël-ë,cl5/cl6,Gender-3,nom,
welcoming,reception,bəlan (e-/bi-),e-/bi-,bël-an,,bël-,an,cl7/cl8,Gender-4,nom,
tool,outil,bəlan (e-/bi-),e-/bi-,bël-an,,bël-,an,cl7/cl8,Gender-4,nom,
character,caractère,bəlan (a-/mə-),a-/më-,bël-an,,bël-,an,cl5/cl6,Gender-3,nom,
capital,capital,bələ (a-/mə-),a-/më-,bël-ë,,bël-,ë,cl5/cl6,Gender-3,nom,
development,développement,buli (e-/bi-),e-/bi-,bul-i,,bul-,i,cl7/cl8,Gender-4,nom,
deviated,dévié,vənge (a-/mə-),a-/më-,vënge,,vënge,ø,cl5/cl6,Gender-3,nom,
hut,cagna,bəm (e-/bi-),e-/bi-,bëm,,bëm,ø,cl7/cl8,Gender-4,nom,
shed,cabanon,bəm (e-/bi-),e-/bi-,bëm,,bëm,ø,cl7/cl8,Gender-4,nom,
cabin,cabane,bəm (e-/bi-),e-/bi-,bëm,,bëm,ø,cl7/cl8,Gender-4,nom,
kettle,cagna,bəm (e-/bi-),e-/bi-,bëm,,bëm,ø,cl7/cl8,Gender-4,nom,
hut,cahute,bəm (e-/bi-),e-/bi-,bëm,,bëm,ø,cl7/cl8,Gender-4,nom,
carbet,carbet,bəm (e-/bi-),e-/bi-,bëm,,bëm,ø,cl7/cl8,Gender-4,nom,
shed,cabanon,bəm (e-/bi-),e-/bi-,bëm,,bëm,ø,cl7/cl8,Gender-4,nom,
cabin,cabane,bəm (e-/bi-),e-/bi-,bëm,,bëm,ø,cl7/cl8,Gender-4,nom,
hut,cahute,bəm (e-/bi-),e-/bi-,bëm,,bëm,ø,cl7/cl8,Gender-4,nom,
madam,madame,anti (m-/bə-),m-/bë-,a-nti,a,-nti,ø,cl1/cl2,Gender-1,nom,
leopard,léopard,bəmə (ø-/ø-),ø-/ø-,bëm-ë,,bëm-,ë,cl9/cl10,Gender-5,nom,
dove,colombe,bəǹ (o-/a-),o-/a-,bën-,,bën-,ø,cl11/cl5,Gender-8,nom,
tasting,action de goûter,bɛse (e-/bi-),e-/bi-,bes-e,,bes-,e,cl7/cl8,Gender-4,nom,
bread,pain,bələd (ø-/ø-),ø-/ø-,bëlëd,,bëlëd,ø,cl9/cl10,Gender-5,nom,
excrement,excréments,bi (a-/mə-),a-/më-,bi,,bi,ø,cl5/cl6,Gender-3,nom,
catch,prise,bian (n-/min-),n-/min-,bi-an,,bi-,an,cl3/cl4,Gender-2,nom,
trolley,caddie,bigidi (e-/bi-),e-/bi-,big-id-i,,big-,id-i,cl7/cl8,Gender-4,nom,
quantity,capacité,bim (a-/mə-),a-/më-,bim,,bim,ø,cl5/cl6,Gender-3,nom,
actor,acteur,bɔ (m-/bə-),m-/bë-,bo,,bo,ø,cl1/cl2,Gender-1,nom,
pancreas,pancréas,bəlɔg (e-/bi-),e-/bi-,bëlog,,bëlog,ø,cl7/cl8,Gender-4,nom,
sickly,malinger,bobɔd (o-/a-),o-/a-,bo-bod,bo,-bod,ø,cl11/cl5,Gender-8,nom,
cubby hole,cagibi,bəm (e-/bi-),e-/bi-,bëm,,bëm,ø,cl7/cl8,Gender-4,nom,
fitting room,cabine d'essayage,bod (e-/bi-),e-/bi-,bod,,bod,ø,cl7/cl8,Gender-4,nom,
port,port,bod (e-/bi-),e-/bi-,bod,,bod,ø,cl7/cl8,Gender-4,nom,
plot,parcelle,boda (a-/mə-),a-/më-,bod-a,,bod-,a,cl5/cl6,Gender-3,nom,
wheedling,caresse,bodan (e-/bi-),e-/bi-,bod-an,,bod-,an,cl7/cl8,Gender-4,nom,
caress,cajolerie,bodan (e-/bi-),e-/bi-,bod-an,,bod-,an,cl7/cl8,Gender-4,nom,
caress,caresse,bodan (e-/bi-),e-/bi-,bod-an,,bod-,an,cl7/cl8,Gender-4,nom,
caress,caresse,bɔdan (a-/mə-),a-/më-,bod-an,,bod-,an,cl5/cl6,Gender-3,nom,
wheedling,cajolerie,bɔdan (e-/bi-),e-/bi-,bod-an,,bod-,an,cl7/cl8,Gender-4,nom,
mound,butte,bom (a-/mə-),a-/më-,bom,,bom,ø,cl5/cl6,Gender-3,nom,
capacity,capacité,bom (a-/mə-),a-/më-,bom,,bom,ø,cl5/cl6,Gender-3,nom,
cairn,cairn,bom (a-/mə-),a-/më-,bom,,bom,ø,cl5/cl6,Gender-3,nom,
sexual intercourse,acte sexuel,boǹ (e-/bi-),e-/bi-,bon,,bon,ø,cl7/cl8,Gender-4,nom,
snail,limaçon,bɔn (e-/bi-),e-/bi-,bon,,bon,ø,cl7/cl8,Gender-4,nom,
barking,aboiement,bon (n-/min-),n-/min-,bon,,bon,ø,cl3/cl4,Gender-2,nom,
wiring,câblage,bonga (e-/bi-),e-/bi-,bong-a,,bong-,a,cl7/cl8,Gender-4,nom,
carbonate,carbonnade,buba (a-/mə-),a-/më-,bub-a,,bub-,a,cl5/cl6,Gender-3,nom,
calamity,calamité,bubua (e-/bi-),e-/bi-,bu-bu-a,bu,-bu-,a,cl7/cl8,Gender-4,nom,
limbo,capharnaüm,bubundan (e-/bi-),e-/bi-,bu-bu-nd-an,,bu-bu-nd-,an,cl7/cl8,Gender-4,nom,
shopping bag,cabas,buda (a-/mə-),a-/më-,bud-a,,bud-,a,cl5/cl6,Gender-3,nom,
hiding place,cachette,buda (e-/bi-),e-/bi-,bud-a,,bud-,a,cl7/cl8,Gender-4,nom,
secretiveness,cachoterie,buduga (a-/mə-),a-/më-,bud-ug-a,,bud-,ug-a,cl5/cl6,Gender-3,nom,
hood,capuchon,buduga (e-/bi-),e-/bi-,bud-ug-a,,bud-,ug-a,cl7/cl8,Gender-4,nom,
clocking,cadences,bugulan (ǹ-/min-),n-/min-,bug-ul-an,,bug-,ul-an,cl3/cl4,Gender-2,nom,
abajou,abajoue,bui (e-/bi-),e-/bi-,bu-i,,bu-,i,cl7/cl8,Gender-4,nom,
cabosse,dent,buma (e-/bi-),e-/bi-,bum-a,,bum-,a,cl7/cl8,Gender-4,nom,
fruit,fruit,buma (e-/bi-),e-/bi-,bum-a,,bum-,a,cl7/cl8,Gender-4,nom,
dent,cabosse,buma (e-/bi-),e-/bi-,bum-a,,bum-,a,cl7/cl8,Gender-4,nom,
capsule,capsule,buma (e-/bi-),e-/bi-,bum-a,,bum-,a,cl7/cl8,Gender-4,nom,
fruit,fruit,buma (e-/bi-),e-/bi-,bum-a,,bum-,a,cl7/cl8,Gender-4,nom,
pill,cachet,buma (e-/bi-),e-/bi-,bum-a,,bum-,a,cl7/cl8,Gender-4,nom,
dumb,niais,bus (e-/bi-),e-/bi-,bus,,bus,ø,cl7/cl8,Gender-4,nom,
dumb,niais,bus (e-/bi-),e-/bi-,bus,,bus,ø,cl7/cl8,Gender-4,nom,
briefs,cache-sexe,bwi (e-/bi-),e-/bi-,bwi,,bwi,ø,cl7/cl8,Gender-4,nom,
power capture,capture des puissances,byaǹ (ø-/ø-),ø-/ø-,byan,,byan,ø,cl9/cl10,Gender-5,nom,
capsule,capsule,dibiga (e-/bi-),e-/bi-,dib-ig-a,,dib-,ig-a,cl7/cl8,Gender-4,nom,
caps,capuchon,dibiga (e-/bi-),e-/bi-,dib-ig-a,,dib-,ig-a,cl7/cl8,Gender-4,nom,
vegetable,legume,diga (e-/bi-),e-/bi-,dig-a,,dig-,a,cl7/cl8,Gender-4,nom,
calcining,calcination,digi (e-/bi-),e-/bi-,dig-i,,dig-,i,cl7/cl8,Gender-4,nom,
capture,capture,dili (e-/bi-),e-/bi-,dil-i,,dil-,i,cl7/cl8,Gender-4,nom,
loss,perdition,dimi (a-/mə-),a-/më-,dim-i,,dim-,i,cl5/cl6,Gender-3,nom,
worker,ouvrier,bɔesye (m-/bə-),m-/bë-,boesye,,boesye,ø,cl1/cl2,Gender-1,nom,
mystery,cachotterie,dimiǹ (bi-/bi-),bi-/bi-,dim-in,,dim-,in,cl8/cl8,Gender-4b,nom,
mystery,secret,dimiǹ (bi-/bi-),bi-/bi-,dim-in,,dim-,in,cl8/cl8,Gender-4b,nom,
cancer,cancer,dudun (e-/bi-),e-/bi-,du-du-n,,dun-,du,cl7/cl8,Gender-4,nom,
toilet,cabinet d’aisance,dug (e-/bi-),e-/bi-,dug,,dug,ø,cl7/cl8,Gender-4,nom,
sweat,sueur,dugudu (e-/bi-),e-/bi-,dug-ud-u,,dug-,ud-u,cl7/cl8,Gender-4,nom,
cancer,cancer,dun (e-/bi-),e-/bi-,dun,,dun,ø,cl7/cl8,Gender-4,nom,
carcinogenic,cancérigène,dun (e-/bi-),e-/bi-,dun,,dun,ø,cl7/cl8,Gender-4,nom,
shea,karité,dzab (a-/mə-),a-/më-,dzab,,dzab,ø,cl5/cl6,Gender-3,nom,
human intercourse,accouplement d'humain,dzi (mə-/mə-),më-/më-,dzi,,dzi,ø,cl6/cl6,Gender-5,nom,
paralogism,paralogisme,dzodzo (e-/bi-),e-/bi-,dzo-dzo,dzo,-dzo,ø,cl7/cl8,Gender-4,nom,
surrender,capitulation,dzoge (e-/bi-),e-/bi-,dzog-e,,dzog-,e,cl7/cl8,Gender-4,nom,
bed,couche,dzogogobo (a-/mə-),a-/më-,dzog-og-ob-o,,dzog-,og-ob-o,cl5/cl6,Gender-3,nom,
gift,cadeau,fai (e-/bi-),e-/bi-,fa-i,,fa-,i,cl7/cl8,Gender-4,nom,
grumble,action de parler,falaga (e-/bi-),e-/bi-,fal-ag-a,,fal-,ag-a,cl7/cl8,Gender-4,nom,
different,différent,fə (e-/bi-),e-/bi-,fë,,fë,ø,cl7/cl8,Gender-4,nom,
lock,cadenas,fɛdəga (e-/bi-),e-/bi-,fed-ëg-a,,fed-,ëg-a,cl7/cl8,Gender-4,nom,
wisdom,sagesse,fəg (ø-/mə-),ø-/më-,fëg,,fëg,ø,cl9/cl6,Gender-7,nom,
assessment,estimation,fəgə (e-/bi-),e-/bi-,fëg-ë,,fëg-,ë,cl7/cl8,Gender-4,nom,
cable,cable,daǹ ngala (a-/mə-),a-/më-,dan ngala,,dan ngala,ø,cl5/cl6,Gender-3,nom,
heavy,alourdissant,did (a-/a-),a-/a-,did,,did,ø,cl5/cl5,Gender-3f,nom,
cell,cachot,fen (ø-/ø-),ø-/ø-,fen,,fen,ø,cl9/cl10,Gender-5,nom,
hope,espoir,fidi (a-/mə-),a-/më-,fid-i,,fid-,i,cl5/cl6,Gender-3,nom,
dented,cabossé,fid fida (e-/bi-),e-/bi-,fid fid-a,,fid fid-,a,cl7/cl8,Gender-4,nom,
cockroach,cafard,fifie (ø-/ø-),ø-/ø-,fi-fie,fi,-fie,ø,cl9/cl10,Gender-5,nom,
blindness,cécité,dim (ø-/ø-),ø-/ø-,dim,,dim,ø,cl9/cl10,Gender-5,nom,
limestone,calcaire,fəm (ø-/ø-),ø-/ø-,fëm,,fëm,ø,cl9/cl10,Gender-5,nom,
caravan,caravane,fímba (e-/bi-),e-/bi-,fim-ba,,fim-,ba,cl7/cl8,Gender-4,nom,
cockroach,cafardage,fimili (e-/bi-),e-/bi-,fim-il-i,,fim-,il-i,cl7/cl8,Gender-4,nom,
canine,canine,fo (ø-/ø-),ø-/ø-,fo,,fo,ø,cl9/cl10,Gender-5,nom,
naughtiness,grivoiserie,fodog (bi-/bi-),bi-/bi-,fod-og,,fod,og,cl8/cl8,Gender-4b,nom,
shed,cabanon,fen (ø-/ø-),ø-/ø-,fen,,fen,ø,cl9/cl10,Gender-5,nom,
bug,punaise,fig (a-/mə-),a-/më-,fig,,fig,ø,cl5/cl6,Gender-3,nom,
abbey,abbaye,fɔi (e-/bi-),e-/bi-,fo-i,,fo-,i,cl7/cl8,Gender-4,nom,
custodial,carcéral,fɔi (e-/bi-),e-/bi-,fo-i,,fo-,i,cl7/cl8,Gender-4,nom,
capitulators,capitulard,fɔn (e-/bi-),e-/bi-,fon,,fon,ø,cl7/cl8,Gender-4,nom,
foul,mal propre,fua (e-/bi-),e-/bi-,fua,,fua,ø,cl7/cl8,Gender-4,nom,
canonisation,canonisation,fubu (e-/bi-),e-/bi-,fub-u,,fub-,u,cl7/cl8,Gender-4,nom,
cleansing,purification,fubu (e-/bi-),e-/bi-,fub-u,,fub-,u,cl7/cl8,Gender-4,nom,
innocence,candeur,fubu (e-/bi-),e-/bi-,fub-u,,fub-,u,cl7/cl8,Gender-4,nom,
caranche,caranche,fufua (e-/bi-),e-/bi-,fu-fu-a,,fu-,fu-a,cl7/cl8,Gender-4,nom,
grill,calandre,fig (ø-/ø-),ø-/ø-,fig,,fig,ø,cl9/cl10,Gender-5,nom,
coming together,action de réunir (se),fulan (e-/bi-),e-/bi-,ful-an,,ful-,an,cl7/cl8,Gender-4,nom,
hoax,canular,fulu (e-/bi-),e-/bi-,ful-u,,ful-,u,cl7/cl8,Gender-4,nom,
behaviour,habitude,fulu (ø-/mə-),ø-/më-,ful-u,,ful-,u,cl9/cl6,Gender-7,nom,
behaviour,caractère,fulu (ø-/mə-),ø-/më-,ful-u,,ful-,u,cl9/cl6,Gender-7,nom,
attitude,habitude,fulu (ø-/mə-),ø-/më-,ful-u,,ful-,u,cl9/cl6,Gender-7,nom,
attitude,caractère,fulu (ø-/mə-),ø-/më-,ful-u,,ful-,u,cl9/cl6,Gender-7,nom,
ingenuous,candide,fumulu (e-/bi-),e-/bi-,fum-ul-u,,fum-,ul-u,cl7/cl8,Gender-4,nom,
canitis,canitie,fumulu (e-/bi-),e-/bi-,fum-ul-u,,fum-,ul-u,cl7/cl8,Gender-4,nom,
deadly,cadavéreux,fumulu (e-/bi-),e-/bi-,fum-ul-u,,fum-,ul-u,cl7/cl8,Gender-4,nom,
mortis,cadavérique,fumulu (e-/bi-),e-/bi-,fum-ul-u,,fum-,ul-u,cl7/cl8,Gender-4,nom,
whiteness,blancheur,fumulu (e-/bi-),e-/bi-,fum-ul-u,,fum-,ul-u,cl7/cl8,Gender-4,nom,
canoe,canoe,funga (e-/bi-),e-/bi-,fung-a,,fung-,a,cl7/cl8,Gender-4,nom,
calcined,calcin,fusa (e-/bi-),e-/bi-,fus-a,,fus-,a,cl7/cl8,Gender-4,nom,
joke,canular,fyanga (ø-/ø-),ø-/ø-,fyanga,,fyanga,ø,cl9/cl10,Gender-5,nom,
toilet,cabinet,fyɛ (ø-/ø-),ø-/ø-,fye,,fye,ø,cl9/cl10,Gender-5,nom,
nail,ongle,iye (dz-/b-),dz-/b-,iye,,iye,ø,cl5a/cl8b,Gender4b,nom,
claw,ongle,iye (dz-/b-),dz-/b-,iye,,iye,ø,cl5a/cl8b,Gender4b,nom,
support,action de grâces,ka (e-/bi-),e-/bi-,ka,,ka,ø,cl7/cl8,Gender-4,nom,
cacti,cactée,ka zəg (e-/bi-),e-/bi-,ka zëg,,ka zëg,ø,cl7/cl8,Gender-4,nom,
revive,ranimer,kabadan (e-/bi-),e-/bi-,kab-ad-an,,kab-,ad-an,cl7/cl8,Gender-4,nom,
caporal,caporal,kabalan (ø-/ø-),ø-/ø-,kab-al-an,,kab-,al-an,cl9/cl10,Gender-5,nom,
caporal,cabot,kabalan (ø-/ø-),ø-/ø-,kab-al-an,,kab-,al-an,cl9/cl10,Gender-5,nom,
cab,cabine,kabin (ø-/ø-),ø-/ø-,kabin,,kabin,ø,cl9/cl10,Gender-5,nom,
statement,action de dire,kad (e-/bi-),e-/bi-,kad,,kad,ø,cl7/cl8,Gender-4,nom,
load,cargaison,kag (e-/bi-),e-/bi-,kag,,kag,ø,cl7/cl8,Gender-4,nom,
gift,cadeau,kai (e-/bi-),e-/bi-,ka-i,,ka-,i,cl7/cl8,Gender-4,nom,
frame,carcasse,kali (e-/bi-),e-/bi-,kal-i,,kal-,i,cl7/cl8,Gender-4,nom,
trolley,caddie,kalid (e-/bi-),e-/bi-,kalid,,kalid,ø,cl7/cl8,Gender-4,nom,
shopping trolley,caddie,kalid (e-/bi-),e-/bi-,kalid,,kalid,ø,cl7/cl8,Gender-4,nom,
draw,dessiner,kaǹ (e-/bi-),e-/bi-,kan,,kan,ø,cl7/cl8,Gender-4,nom,
calcining,calcination,kaǹ (e-/bi-),e-/bi-,kan,,kan,ø,cl7/cl8,Gender-4,nom,
graphic character,caractère graphique,kanga (e-/bi-),e-/bi-,kan-ga,,kan-,ga,cl7/cl8,Gender-4,nom,
aiming,action de viser,kədan (e-/bi-),e-/bi-,këd-an,,këd-,an,cl7/cl8,Gender-4,nom,
club,gourdin,kəg (ø-/mə-),ø-/më-,këg,,këg,ø,cl9/cl6,Gender-7,nom,
stuttering,bégaiement,kəgəbə (e-/bi-),e-/bi-,këg-ëb-ë,,këg-,ëb-ë,cl7/cl8,Gender-4,nom,
cackle,caquet,kəgəbə (e-/bi-),e-/bi-,këg-ëb-ë,,këg-,ëb-ë,cl7/cl8,Gender-4,nom,
stutterer,bègue,kəgəbə (e-/bi-),e-/bi-,këg-ëb-ë,,këg-,ëb-ë,cl7/cl8,Gender-4,nom,
cackling,caquetage,kəgəbə (e-/bi-),e-/bi-,këg-ëb-ë,,këg-,ëb-ë,cl7/cl8,Gender-4,nom,
saying too much,action de dire,kəkada (e-/bi-),e-/bi-,kë-kad-a,kë,-kad-,a,cl7/cl8,Gender-4,nom,
goat,cabri,kəla (e-/bi-),e-/bi-,kël-a,,kël-,a,cl7/cl8,Gender-4,nom,
clot,caillot,kələg (e-/bi-),e-/bi-,kël-ëg,,kël-,ëg,cl7/cl8,Gender-4,nom,
creamy,cremeux,kəm (e-/bi-),e-/bi-,këm,,këm,ø,cl7/cl8,Gender-4,nom,
fickel,capricieux,kəǹ (e-/bi-),e-/bi-,kën,,kën,ø,cl7/cl8,Gender-4,nom,
ban,interdit,ki (e-/bi-),e-/bi-,ki,,ki,ø,cl7/cl8,Gender-4,nom,
deprivation,privation,ki (e-/bi-),e-/bi-,ki,,ki,ø,cl7/cl8,Gender-4,nom,
heel strike,frappe du talon,kinda (e-/bi-),e-/bi-,kin-da,,kin-,da,cl7/cl8,Gender-4,nom,
coasting trade,cabotage,kiǹili (e-/bi-),e-/bi-,kin-il-i,,kin-,il-i,cl7/cl8,Gender-4,nom,
cabal,cabale,koan (e-/bi-),e-/bi-,ko-an,,ko-,an,cl7/cl8,Gender-4,nom,
relevant,capable,kodo (e-/bi-),e-/bi-,kod-o,,kod-,o,cl7/cl8,Gender-4,nom,
greed,avarice,koe (a-/mə-),a-/më-,koe,,koe,ø,cl5/cl6,Gender-3,nom,
wire,câble,koe (e-/bi-),e-/bi-,koe,,koe,ø,cl7/cl8,Gender-4,nom,
frame,carcasse,kog (e-/bi-),e-/bi-,kog,,kog,ø,cl7/cl8,Gender-4,nom,
shell,carapace,kogolo (e-/bi-),e-/bi-,kog-ol-o,,kog-,ol-o,cl7/cl8,Gender-4,nom,
calamity,calamite,kon (e-/bi-),e-/bi-,kon,,kon,ø,cl7/cl8,Gender-4,nom,
holy super,pain eucharistique,kumuniyon (ø-/ø-),ø-/ø-,kumuniyon,,kumuniyon,ø,cl9/cl10,Gender-5,nom,
revenge,vengeance,kunuǹa (e-/bi-),e-/bi-,kun-un-a,,kun-,un-a,cl7/cl8,Gender-4,nom,
cup,gobelet,labi (e-/bi-),e-/bi-,lab-i,,lab-,i,cl7/cl8,Gender-4,nom,
hubris,arrogance,laǹ (e-/bi-),e-/bi-,lan,,lan,ø,cl7/cl8,Gender-4,nom,
spyglass,longue vue,ləmbə (e-/bi-),e-/bi-,lëmb-ë,,lëmb-,ë,cl7/cl8,Gender-4,nom,
dignity,dignité,lugu (o-/o-),o-/o-,lug-u,,lug-,u,cl11/cl11,Gender-8b,nom,
friendship,acte d'amitié,mgba (ø-/mə-),ø-/më-,mgba,,mgba,ø,cl9/cl6,Gender-7,nom,
armpit,aisselle,mvam (ø-/ø-),ø-/ø-,mvam,,mvam,ø,cl9/cl10,Gender-5,nom,
rain,pluie,mvəǹ (ø-/mə-),ø-/më-,mvën,,mvën,ø,cl9/cl6,Gender-7,nom,
wound,blessure,mvəǹ (a-/mə-),a-/më-,mvën,,mvën,ø,cl5/cl6,Gender-3,nom,
right,droit,mvende (ø-/mə-),ø-/më-,mvend-e,,mvend-,e,cl9/cl6,Gender-7,nom,
elder,aîné,mvende (ø-/bə-),ø-/bë-,mvend-e,,mvend-,e,cl9/cl2,Gender-6,nom,
elder,ancien,mvende (ø-/bə-),ø-/bë-,mvend-e,,mvend-,e,cl9/cl2,Gender-6,nom,
dirt,saleté,mvid (ø-/ø-),ø-/ø-,mvid,,mvid,ø,cl9/cl10,Gender-5,nom,
friend,ami,mvoe (ø-/bə-),ø-/bë-,mvoe,,mvoe,ø,cl9/cl2,Gender-6,nom,
peace,paix,mvɔi (ø-/ø-),ø-/ø-,mvoi,,mvoi,ø,cl9/cl10,Gender-5,nom,
dishonesty,malhonnêteté,mvol (ø-/ø-),ø-/ø-,mvol,,mvol,ø,cl9/cl10,Gender-5,nom,
error,erreur,mvus (ø-/mə-),ø-/më-,mvus,,mvus,ø,cl9/cl6,Gender-7,nom,
disorder,désordre,myas (bi-/bi-),bi-/bi-,myas,,myas,ø,cl8/cl8,Gender-4b,nom,
capernaum,capharnaüm,myas (e-/bi-),e-/bi-,myas,,myas,ø,cl7/cl8,Gender-4,nom,
paddel,pagaie,ǹab (e-/bi-),e-/bi-,nab,,nab,ø,cl7/cl8,Gender-4,nom,
sickly,malingre,ǹadi (e-/bi-),e-/bi-,nad-i,,nad-,i,cl7/cl8,Gender-4,nom,
width,largeur,ndam (ø-/mə-),ø-/më-,ndam,,ndam,ø,cl9/cl6,Gender-7,nom,
calabash,calebasse,ndəg (ø-/mə-),ø-/më-,ndëg,,ndëg,ø,cl9/cl6,Gender-7,nom,
fire,feu,nduan (ø-/mə-),ø-/më-,ndu-an,,ndu-,an,cl9/cl6,Gender-7,nom,
sweet potato,patate douce,ndubi (ø-/ø-),ø-/ø-,ndub-i,,ndub-,i,cl9/cl10,Gender-5,nom,
fight,combat,ndum (ø-/mə-),ø-/më-,ndum,,ndum,ø,cl9/cl6,Gender-7,nom,
firewood,bois de chauffage,ndzag (ø-/ø-),ø-/ø-,ndzag,,ndzag,ø,cl9/cl10,Gender-5,nom,
meanness,mesquinerie,ngad (bi-/bi-),bi-/bi-,ngad,,ngad,ø,cl8/cl8,Gender-4b,nom,
prejudice,partie (parti pris),ngam (ø-/mə-),ø-/më-,ngam,,ngam,ø,cl9/cl6,Gender-7,nom,
exoterism,exotérisme,ngan (ø-/ø-),ø-/ø-,ngan,,ngan,ø,cl9/cl10,Gender-5,nom,
cruelty,cruauté,ngɛd (ø-/ø-),ø-/ø-,nged,,nged,ø,cl9/cl10,Gender-5,nom,
clarity,clarté,ngəǹ (e-/bi-),e-/bi-,ngën,,ngën,ø,cl7/cl8,Gender-4,nom,
stick,bâton,ngəǹ (e-/bi-),e-/bi-,ngën,,ngën,ø,cl7/cl8,Gender-4,nom,
referee,arbitre,ngəngama (e-/bi-),e-/bi-,ngë-ngam-a,ngë,-ngam-,a,cl7/cl8,Gender-4,nom,
light,lumière,ngəǹngəǹ (e-/bi-),e-/bi-,-ngën-ngën,ngën,-ngën-,ø,cl7/cl8,Gender-4,nom,
mercy,miséricorde,ngongɔl (e-/bi-),e-/bi-,ngo-ngol-,ngol,ngol,ø,cl7/cl8,Gender-4,nom,
tail,queue,nguəm (ø-/mə-),ø-/më-,nguëm,,nguëm,ø,cl9/cl6,Gender-7,nom,
beef,bœuf,nyag (ø-/ø-),ø-/ø-,nyag,,nyag,ø,cl9/cl10,Gender-5,nom,
sulk,bouderie,nyəgə (ø-/ø-),ø-/ø-,nyëg-ë,,nyëg-,ë,cl9/cl10,Gender-5,nom,
life,vie,nyiǹ (e-/bi-),e-/bi-,nyin,,nyin,ø,cl7/cl8,Gender-4,nom,
lice,poux,nyin (ø-/ø-),ø-/ø-,nyin,,nyin,ø,cl9/cl10,Gender-5,nom,
urine,urine,nyɔlɔg (mə-/mə-),më-/më-,nyol-og,,nyol-,og,cl6/cl6,Gender-5,nom,
smell,odeur,nyum (e-/bi-),e-/bi-,nyum,,nyum,ø,cl7/cl8,Gender-4,nom,
urine,urine,nywalag (ø-/mə-),ø-/më-,nywal-ag,,nywal-,ag,cl9/cl6,Gender-7,nom,
arm,bras,ɔ (w-/m-),w-/m-,o,,o,ø,cl11a/cl6a,Gender-8a,nom,
arm,main,ɔ (w-/m-),w-/m-,o,,o,ø,cl11a/cl6a,Gender-8a,nom,
hand,bras,ɔ (w-/m-),w-/m-,o,,o,ø,cl11a/cl6a,Gender-8a,nom,
hand,main,ɔ (w-/m-),w-/m-,o,,o,ø,cl11a/cl6a,Gender-8a,nom,
capernaum,capharnaüm,sam səgəle (e-/bi-),e-/bi-,sam sëg-ë-le,,sam-,sëg-ë-le,cl7/cl8,Gender-4,nom,
final stamp,cachet final,sana (e-/bi-),e-/bi-,san-a,,san-,a,cl7/cl8,Gender-4,nom,
act of drawing up a deed,action de dresser un acte,sana (e-/bi-),e-/bi-,san-a,,san-,a,cl7/cl8,Gender-4,nom,
catch,capture,sasa (e-/bi-),e-/bi-,sa-sa,sa,-sa,ø,cl7/cl8,Gender-4,nom,
liver,foie,səg (e-/bi-),e-/bi-,sëg,,sëg,ø,cl7/cl8,Gender-4,nom,
sieve,tamis,səgəzə (e-/bi-),e-/bi-,sëg-ëz-ë,,sëg-,ëz-ë,cl7/cl8,Gender-4,nom,
yard,cours,səǹ (n-/min-),n-/min-,sën,,sën,ø,cl3/cl4,Gender-2,nom,
personnality,caractère,sende (e-/bi-),e-/bi-,send-e,,send-,e,cl7/cl8,Gender-4,nom,
small penis,petit pénis,səsɔli (e-/bi-),e-/bi-,së-sol-i,së,-sol-i,ø,cl7/cl8,Gender-4,nom,
land,terre,si (ø-/mə-),ø-/më-,si,,si,ø,cl9/cl6,Gender-7,nom,
land,pays,si (ø-/mə-),ø-/më-,si,,si,ø,cl9/cl6,Gender-7,nom,
country,terre,si (ø-/mə-),ø-/më-,si,,si,ø,cl9/cl6,Gender-7,nom,
country,pays,si (ø-/mə-),ø-/më-,si,,si,ø,cl9/cl6,Gender-7,nom,
hair,capillaire,sil (e-/bi-),e-/bi-,sil,,sil,ø,cl7/cl8,Gender-4,nom,
hair,cheveux,sə (e-/bi-),e-/bi-,së,,së,ø,cl7/cl8,Gender-4,nom,
laundry,lessive,sob (o-/o-),o-/o-,sob,,sob,ø,cl11/cl11,Gender-8b,nom,
pecking,action de picorer,sɔi (e-/bi-),e-/bi-,so-i,,so-,i,cl7/cl8,Gender-4,nom,
cover,cache,sɔli (e-/bi-),e-/bi-,sol-i,,sol-,i,cl7/cl8,Gender-4,nom,
complaining,imputation,sɔman (n-/min-),n-/min-,som-an,,som-,an,cl3/cl4,Gender-2,nom,
malguette,malaguette,son (e-/bi-),e-/bi-,son,,son,ø,cl7/cl8,Gender-4,nom,
uprightness,vérité,sosoo (ø-/bə-),ø-/bë-,so-so-o,so,-so-o,ø,cl9/cl2,Gender-6,nom,
uprightness,droiture,sosoo (ø-/bə-),ø-/bë-,so-so-o,so,-so-o,ø,cl9/cl2,Gender-6,nom,
discharge,déverser,sug (a-/mə-),a-/më-,sug,,sug,ø,cl5/cl6,Gender-3,nom,
calage,dunnage,suga (e-/bi-),e-/bi-,sug-a,,sug-,a,cl7/cl8,Gender-4,nom,
act of gargling,action de gargariser (se),suguzu (e-/bi-),e-/bi-,sug-uz-u,,sug-,uz-u,cl7/cl8,Gender-4,nom,
bumpy,cahotement,suguzu (e-/bi-),e-/bi-,sug-uz-u,,sug-,uz-u,cl7/cl8,Gender-4,nom,
swaying,cahotement,suguzu (e-/bi-),e-/bi-,sug-uz-u,,sug-,uz-u,cl7/cl8,Gender-4,nom,
bumpy,cahoteux,suguzu (e-/bi-),e-/bi-,sug-uz-u,,sug-,uz-u,cl7/cl8,Gender-4,nom,
bump,cahot,suguzu (e-/bi-),e-/bi-,sug-uz-u,,sug-,uz-u,cl7/cl8,Gender-4,nom,
act of getting down,action de faire descendre,sui (e-/bi-),e-/bi-,su-i,,su-,i,cl7/cl8,Gender-4,nom,
act of rejetting rejet,action de repousser,suli (e-/bi-),e-/bi-,su-l-i,,su-,l-i,cl7/cl8,Gender-4,nom,
foundation,fondation,suma (e-/bi-),e-/bi-,sum-a,,sum-,a,cl7/cl8,Gender-4,nom,
caryatid,cariatide,suma (e-/bi-),e-/bi-,sum-a,,sum-,a,cl7/cl8,Gender-4,nom,
work,travail,sye (e-/bi-),e-/bi-,sye,,sye,ø,cl7/cl8,Gender-4,nom,
war,guerre,ta (bi-/bi-),bi-/bi-,ta,,ta,ø,cl8/cl8,Gender-4b,nom,
feather,plume (à écrire),tamba (ø-/ø-),ø-/ø-,tam-ba,,tam-,ba,cl9/cl10,Gender-5,nom,
frame,cadre,taǹ (e-/bi-),e-/bi-,tan,,tan,ø,cl7/cl8,Gender-4,nom,
frame,cadre,taǹala (e-/bi-),e-/bi-,tan-al-a,,tan-,al-a,cl7/cl8,Gender-4,nom,
stand,station debout,te (e-/bi-),e-/bi-,te,,te,ø,cl7/cl8,Gender-4,nom,
desk,pupitre,təbə (e-/bi-),e-/bi-,tëb-ë,,tëb-,ë,cl7/cl8,Gender-4,nom,
agenda,ordre du jour,təbəga (ø-/ø-),ø-/ø-,tëb-ëg-a,,tëb-,ëg-a,cl9/cl10,Gender-5,nom,
subdue,mater,təgə (e-/bi-),e-/bi-,tëg-ë,,tëg-,ë,cl7/cl8,Gender-4,nom,
position,position,tie (e-/bi-),e-/bi-,ti-e,,ti-,e,cl7/cl8,Gender-4,nom,
curdling,caillage,tig (e-/bi-),e-/bi-,tig,,tig,ø,cl7/cl8,Gender-4,nom,
stump,souche,tiǹ (ø-/mə-),ø-/më-,tin,,tin,ø,cl9/cl6,Gender-7,nom,
junior,cadet,tɔan (e-/bi-),e-/bi-,to-a-n,,to-,a-n,cl7/cl8,Gender-4,nom,
hut,cabane,tɔbɔgɔ (e-/bi-),e-/bi-,tob-og-o,,tob-,og-o,cl7/cl8,Gender-4,nom,
hut,démeure,tɔbɔgɔ (e-/bi-),e-/bi-,tob-og-o,,tob-,og-o,cl7/cl8,Gender-4,nom,
hut,siège,tɔbɔgɔ (e-/bi-),e-/bi-,tob-og-o,,tob-,og-o,cl7/cl8,Gender-4,nom,
seat,cabane,tɔbɔgɔ (e-/bi-),e-/bi-,tob-og-o,,tob-,og-o,cl7/cl8,Gender-4,nom,
seat,démeure,tɔbɔgɔ (e-/bi-),e-/bi-,tob-og-o,,tob-,og-o,cl7/cl8,Gender-4,nom,
seat,siège,tɔbɔgɔ (e-/bi-),e-/bi-,tob-og-o,,tob-,og-o,cl7/cl8,Gender-4,nom,
shack,cahute,tɔbɔgɔ (e-/bi-),e-/bi-,tob-og-o,,tob-,og-o,cl7/cl8,Gender-4,nom,
simmer,action de mitonner,tɔgɔdɔ (e-/bi-),e-/bi-,tog-od-o,,tog-,od-o,cl7/cl8,Gender-4,nom,
cæcal,cæcal,tɔm (e-/bi-),e-/bi-,tom,,tom,ø,cl7/cl8,Gender-4,nom,
cæcum,cæcum,tɔm (e-/bi-),e-/bi-,tom,,tom,ø,cl7/cl8,Gender-4,nom,
times,fois,tonga (ø-/ø-),ø-/ø-,tong-a,,tong-,a,cl9/cl10,Gender-5,nom,
maintain,entretenir,tɔngɔ (e-/bi-),e-/bi-,tong-o,,tong-,o,cl7/cl8,Gender-4,nom,
hulling,ecossage,tɔs (e-/bi-),e-/bi-,tos,,tos,ø,cl7/cl8,Gender-4,nom,
morning,matinée,tse (ø-/ø-),ø-/ø-,tse,,tse,ø,cl9/cl10,Gender-5,nom,
shoulder,épaule,tu(l) (e-/bi-),e-/bi-,tu-(l),,tu-,ø-(l),cl7/cl8,Gender-4,nom,
servant,serviteur,tuga (e-/bi-),e-/bi-,tug-a,,tug-,a,cl7/cl8,Gender-4,nom,
surrending,action de mater,tugi (e-/bi-),e-/bi-,tug-i,,tug-,i,cl7/cl8,Gender-4,nom,
fattened goat,cabri engraissé,tum ndzom (e-/bi-),e-/bi-,tum ndzom,,tum ndzom,ø,cl7/cl8,Gender-4,nom,
bedroom,chambre à coucher,tun nda (e-/bi-),e-/bi-,tun nda,,tun nda,ø,cl7/cl8,Gender-4,nom,
short,court,tun (e-/bi-),e-/bi-,tun,,tun,ø,cl7/cl8,Gender-4,nom,
part,partie,tun (e-/bi-),e-/bi-,tun,,tun,ø,cl7/cl8,Gender-4,nom,
draining mat,cagerotte,twe (e-/bi-),e-/bi-,twe,,twe,ø,cl7/cl8,Gender-4,nom,
stubborn,cabochard,vag (e-/bi-),e-/bi-,vag,,vag,ø,cl7/cl8,Gender-4,nom,
breath,ambition,vaǹ (o-/o-),o-/o-,van,,van,ø,cl11/cl11,Gender-8b,nom,
sharing,donation,və (e-/bi-),e-/bi-,vë,,vë,ø,cl7/cl8,Gender-4,nom,
valuation,calcul,vəg (e-/bi-),e-/bi-,vëg,,vëg,ø,cl7/cl8,Gender-4,nom,
outline,modèle,vəgələ (e-/bi-),e-/bi-,vëg-ël-ë,,vëg-,ël-ë,cl7/cl8,Gender-4,nom,
statue,statue,vəgələ (e-/bi-),e-/bi-,vëg-ël-ë,,vëg-,ël-ë,cl7/cl8,Gender-4,nom,
shell,carcasse,vɛs (e-/bi-),e-/bi-,ves,,ves,ø,cl7/cl8,Gender-4,nom,
bone,os,vɛs (e-/bi-),e-/bi-,ves,,ves,ø,cl7/cl8,Gender-4,nom,
human kind (alive),être vivant (humain),vəvəə (ø-/bə-),ø-/bë-,vë-vë-ë,,vë-,vë-ë,cl9/cl2,Gender-6,nom,
temerity,témérité,vie (bi-/bi-),bi-/bi-,vie,,vie,ø,cl8/cl8,Gender-4b,nom,
needle,canule,vie (bi-/bi-),bi-/bi-,vie,,vie,ø,cl8/cl8,Gender-4b,nom,
blackness,noirceur,vindi (e-/bi-),e-/bi-,vin-di,,vin-,di,cl7/cl8,Gender-4,nom,
capitulator,capitulard,vɔdɔ (e-/bi-),e-/bi-,vod-o,,vod-,o,cl7/cl8,Gender-4,nom,
player,joueur,voe (m-/bə-),m-/bë-,voe,,voe,ø,cl1/cl2,Gender-1,nom,
hearing,ouïe,vog (e-/bi-),e-/bi-,vog,,vog,ø,cl7/cl8,Gender-4,nom,
exciting,captivant,vɔlan (e-/bi-),e-/bi-,vol-an,,vol-,an,cl7/cl8,Gender-4,nom,
place,endroit,vom (ø-/mə-),ø-/më-,vom,,vom,ø,cl9/cl6,Gender-7,nom,
captious,captieux,vovolan (e-/bi-),e-/bi-,vo-vol-an,vo,-mvol-,an,cl7/cl8,Gender-4,nom,
bluffing,bluff,vug (e-/bi-),e-/bi-,vug,,vug,ø,cl7/cl8,Gender-4,nom,
obsolete,caduque,vula (a-/mə-),a-/më-,vul-a,,vul-,a,cl5/cl6,Gender-3,nom,
wind,souffle,vundu (e-/bi-),e-/bi-,vund-u,,vund-,u,cl7/cl8,Gender-4,nom,
wind,vent,vundu (e-/bi-),e-/bi-,vund-u,,vund-,u,cl7/cl8,Gender-4,nom,
breath,souffle,vundu (e-/bi-),e-/bi-,vund-u,,vund-,u,cl7/cl8,Gender-4,nom,
breath,vent,vundu (e-/bi-),e-/bi-,vund-u,,vund-,u,cl7/cl8,Gender-4,nom,
fufu,couscous,vuvu (ø-/bə-),ø-/bë-,vu-vu,vu,-vu,ø,cl9/cl2,Gender-6,nom,
urinal,urinoir,vye (e-/bi-),e-/bi-,vye,,vye,ø,cl7/cl8,Gender-4,nom,
killings,tuerie,we (e-/bi-),e-/bi-,we,,we,ø,cl7/cl8,Gender-4,nom,
honey,miel,woe (ø-/ø-),ø-/ø-,woe,,woe,ø,cl9/cl10,Gender-5,nom,
suitcase,valise,wɔli (e-/bi-),e-/bi-,wol-i,,wol-,i,cl7/cl8,Gender-4,nom,
cloak,cape,wɔman (e-/bi-),e-/bi-,wom-an,,wom-,an,cl7/cl8,Gender-4,nom,
mantle,cape,womoǹa (e-/bi-),e-/bi-,wom-o-n-a,,wom-,o-n-a,cl7/cl8,Gender-4,nom,
fitting,raccord,wɔǹ (e-/bi-),e-/bi-,won,,won,ø,cl7/cl8,Gender-4,nom,
get away,action de filer à l'anglaise,wɔndi (e-/bi-),e-/bi-,wond-i,,wond-,i,cl7/cl8,Gender-4,nom,
wiring,câblage,woonga (e-/bi-),e-/bi-,woong-a,,woong-,a,cl7/cl8,Gender-4,nom,
theft,vol,wub (ø-/ø-),ø-/ø-,wub,,wub,ø,cl9/cl10,Gender-5,nom,
itching,démangeaison,yaan (n-/mi-),n-/mi-,ya-an,,ya-,an,cl3/cl4,Gender-2,nom,
cachexia,cachexie,yadi (e-/bi-),e-/bi-,yad-i,,yad-,i,cl7/cl8,Gender-4,nom,
opening,ouverture,yai (a-/mə-),a-/më-,ya-i,,ya-,i,cl5/cl6,Gender-3,nom,
null and void,caduque,yalaga (e-/bi-),e-/bi-,yal-ag-a,,yal-,ag-a,cl7/cl8,Gender-4,nom,
animal intercourse,accouplement d'animaux,yaman (n-/min-),n-/min-,yam-an,,yam-,an,cl3/cl4,Gender-2,nom,
deep fryer,friteuse,yaǹyaǹa (ø-/bə-),ø-/bë-,yan-yan-a,,yan-,yan-a,cl9/cl2,Gender-6,nom,
dress,habit,ye (e-/bi-),e-/bi-,ye,,ye,ø,cl7/cl8,Gender-4,nom,
garment,habit,ye (e-/bi-),e-/bi-,ye,,ye,ø,cl7/cl8,Gender-4,nom,
impotent,impuissant (sexuel),yələ (e-/bi-),e-/bi-,yël-ë,,yël-,ë,cl7/cl8,Gender-4,nom,
disabilities,handicap,yəm (e-/bi-),e-/bi-,yëm,,yëm,ø,cl7/cl8,Gender-4,nom,
habit,manie,yəməle (e-/bi-),e-/bi-,yëm-ël-e,,yëm-,ël-e,cl7/cl8,Gender-4,nom,
whim,caprice,yəməle (e-/bi-),e-/bi-,yëm-ël-e,,yëm-,ël-e,cl7/cl8,Gender-4,nom,
compliment,compliment,yəǹəle (e-/bi-),e-/bi-,yën-ël-e,,yën-,ël-e,cl7/cl8,Gender-4,nom,
nation,nation,yoǹ (a-/mə-),a-/më-,yon,,yon,ø,cl5/cl6,Gender-3,nom,
heatwave,canicule,yoǹ (a-/a-),a-/a-,yon,,yon,ø,cl5/cl5,Gender-3f,nom,
warmth,chaleur,yɔǹ (a-/a-),a-/a-,yon,,yon,ø,cl5/cl5,Gender-3f,nom,
cabalistics,cabalistique,yɔǹɔlɔ (e-/bi-),e-/bi-,yon-ol-o,,yon-,ol-o,cl7/cl8,Gender-4,nom,
risk,risque,za (ø-/ø-),ø-/ø-,za,,za,ø,cl9/cl10,Gender-5,nom,
disrespect,insolence,zaba (ø-/ø-),ø-/ø-,zab-a,,zab-,a,cl9/cl10,Gender-5,nom,
capricious,capricieux,zabi (e-/bi-),e-/bi-,zab-i,,zab-,i,cl7/cl8,Gender-4,nom,
scramble,cafouillage,zamanda (bi-/bi-),bi-/bi-,zam-a-nd-a,,zam-,a-nd-a,cl8/cl8,Gender-4b,nom,
center,centre,zaǹ (ø-/ø-),ø-/ø-,zan,,zan,ø,cl9/cl10,Gender-5,nom,
pineaple,aas,zəg (ø-/ø-),ø-/ø-,zëg,,zëg,ø,cl9/cl10,Gender-5,nom,
way,chemin,zɛn (ø-/mə-),ø-/më-,zen,,zen,ø,cl9/cl6,Gender-7,nom,
hungry,faim,zie (ø-/ø-),ø-/ø-,zie,,zie,ø,cl9/cl10,Gender-5,nom,
uncivilised,barbare,zilingan (e-/bi-),e-/bi-,zilingan,,zilingan,ø,cl7/cl8,Gender-4,nom,
canteen,cantine,zimbi (e-/bi-),e-/bi-,zimb-i,,zimb-,i,cl7/cl8,Gender-4,nom,
coffin,cercueil,zimbi (e-/bi-),e-/bi-,zimb-i,,zimb-,i,cl7/cl8,Gender-4,nom,
hatred,haine,zin (ø-/ø-),ø-/ø-,zin,,zin,ø,cl9/cl10,Gender-5,nom,
poverty,pauvreté,zoe (a-/a-),a-/a-,zoe,,zoe,ø,cl5/cl5,Gender-3f,nom,
wing,aile,fab (a-/mə-),a-/më-,fab,,fab,ø,cl5/cl6,Gender-3,nom,
tail fin,nageoire caudale,ba (a-/mə-),a-/më-,ba,,ba,ø,cl5/cl6,Gender-3,nom,
pillow,oreiller,fila (ø-/ø-),ø-/ø-,fila,,fila,ø,cl9/cl10,Gender-5,nom,
capacity,capacité,fɔg (ø-/ø-),ø-/ø-,fog,,fog,ø,cl9/cl10,Gender-5,nom,
starting,départ,kə (a-/mə-),a-/më-,kë,,kë,ø,cl5/cl6,Gender-3,nom,
departure,départ,kodo (a-/mə-),a-/më-,kod-o,,kod-,o,cl5/cl6,Gender-3,nom,
flight,envol,kəán (ǹ-/min-),n-/min-,kë-an,,kë-,an,cl3/cl4,Gender-2,nom,
departure,partance,sob (a-/mə-),a-/më-,sob,,sob,ø,cl5/cl6,Gender-3,nom,
beginning,commencement,tádí (a-/mə-),a-/më-,tad-i,,tad-,i,cl5/cl6,Gender-3,nom,
start,démarrage,tíé (a-/mə-),a-/më-,tie,,tie,ø,cl5/cl6,Gender-3,nom,
take-off,décollage,kódán (ǹ-/min-),n-/min-,kod-an,,kod-,an,cl3/cl4,Gender-2,nom,
decriminalisation,dépénalisation,dzu (ǹ-/min-),n-/min-,dzu,,dzu,ø,cl3/cl4,Gender-2,nom,
dependence,dépendance,fúndá (a-/mə-),a-/më-,fund-a,,fund-,a,cl5/cl6,Gender-3,nom,
subordination,subordination,mvéle (a-/mə-),a-/më-,mvel-e,,mvel-,e,cl5/cl6,Gender-3,nom,
relationship,relation,yəmán (e-/bi-),e-/bi-,yëm-an,,yëm-,an,cl7/cl8,Gender-4,nom,
subordination,subordination,lɔɔban (e-/bi-),e-/bi-,loob-an,,loob-,an,cl7/cl8,Gender-4,nom,
interdependence,interdépendance,wóge (ǹ-/min-),n-/min-,wog-e,,wog-,e,cl3/cl4,Gender-2,nom,
submission,soumission,kɔl (ǹ-/min-),n-/min-,kol,,kol,ø,cl3/cl4,Gender-2,nom,
correlation,correlation,wógán (e-/bi-),e-/bi-,wog-an,,wog-,an,cl7/cl8,Gender-4,nom,
dependent,dépendant,bəgá (m̀-/min-),m-/min-,bëg-a,,bëg-,a,cl3/cl4,Gender-2,nom,
substitute,suppléant,bəbǎ (e-/bi-),e-/bi-,bëb-a,,bëb-,a,cl7/cl8,Gender-4,nom,
expense,dépense,ndáman (ǹ-/min-),n-/min-,ndam-an,,ndam-,an,cl3/cl4,Gender-2,nom,
expenses,dépens,kus (ǹ-/min-),n-/min-,kus,,kus,ø,cl3/cl4,Gender-2,nom,
spent,dépensé,kabán (ǹ-/min-),n-/min-,kab-an,,kab-,an,cl3/cl4,Gender-2,nom,
degradation,dégradation,luían (ǹ-/min-),n-/min-,lui-an,,lui-,an,cl3/cl4,Gender-2,nom,
deterioration,altération,síban (a-/mə-),a-/më-,sib-an,,sib-,an,cl5/cl6,Gender-3,nom,
erosion,étiolement,sɔǹɔ (e-/bi-),e-/bi-,son-o,,son-,o,cl7/cl8,Gender-4,nom,
calamity,calamité,dǐm (e-/bi-),e-/bi-,dim,,dim,ø,cl7/cl8,Gender-4,nom,
catastrophe,catastrophe,lamvoma (a-/mə-),a-/më-,lamvoma,,lamvoma,ø,cl5/cl6,Gender-3,nom,
affliction,affliction,lui (ǹ-/min-),n-/min-,lu-i,,lu-,i,cl3/cl4,Gender-2,nom,
depiautage,dépiautage,tondán (a-/mə-),a-/më-,tond-an,,tond-,an,cl5/cl6,Gender-3,nom,
phase shift,déphasage,wúb (o-/o-),o-/o-,wub,,wub,ø,cl11/cl11,Gender-8b,nom,
hair removal,épulchage,tun (n-/miǹ-),n-/min-,tun,,tun,ø,cl3/cl4,Gender-2,nom,
depigmentation,dépigmentation,lɔngɔ (ǹ-/miǹ-),n-/min-,long-o,,long-,o,cl3/cl4,Gender-2,nom,
bleaching,décoloration,naǹ (e-/bi-),e-/bi-,nan,,nan,ø,cl7/cl8,Gender-4,nom,
hair removal,dépilage,búi (e-/bi-),e-/bi-,bu-i,,bu-,i,cl7/cl8,Gender-4,nom,
deburring,débourrage,vóe (e-/bi-),e-/bi-,voe,,voe,ø,cl7/cl8,Gender-4,nom,
depilation,dépilation,kəǹ (a-/mə-),a-/më-,kën,,kën,ø,cl5/cl6,Gender-3,nom,
spite,dépit,komonga (ø-/ø-),ø-/ø-,kom-ong-a,,kom-,ong-a,cl9/cl10,Gender-5,nom,
route,itinéraire,zen (ø-/mə-),ø-/më-,zen,,zen,ø,cl9/cl6,Gender-7,nom,
mutation,mutation,foǹán (ǹ-/miǹ-),n-/min-,fon-an,,fon-,an,cl3/cl4,Gender-2,nom,
displacement,déplacement,ulu (d-/mə-),d-/më-,ul-u,,ul-,u,cl5c/cl6,Gender-3h,nom,
reversal,interversion,súli (ǹ-/miǹ-),n-/min-,sul-i,,sul-,i,cl3/cl4,Gender-2,nom,
transfer,transfert,təbə (e-/bi-),e-/bi-,tëb-ë,,tëb-,ë,cl7/cl8,Gender-4,nom,
movement,remuement,tsam (e-/bi-),e-/bi-,tsam,,tsam,ø,cl7/cl8,Gender-4,nom,
depilatory,dépilatoire,kuluga (e-/bi-),e-/bi-,kul-ug-a,,kul-,ug-a,cl7/cl8,Gender-4,nom,
depilatory,épilatoire,kəǹ (o-/a-),o-/a-,kën,,kën,ø,cl11/cl5,Gender-8,nom,
knife,couteau,kəǹ (e-/bi-),e-/bi-,kën,,kën,ø,cl7/cl8,Gender-4,nom,
search,fouille,kəma (a-/mə-),a-/më-,këm-a,,këm-,a,cl5/cl6,Gender-3,nom,
repeating,répérage,kəməǹa (m̀-/min-),m-/min-,këmën-a,,këmën-,a,cl3/cl4,Gender-2,nom,
screening,dépistage,fas (ǹ-/min-),n-/min-,fas,,fas,ø,cl3/cl4,Gender-2,nom,
hunting,chasse,kə́m (a-/mə-),a-/më-,këm,,këm,ø,cl5/cl6,Gender-3,nom,
spite,dépit,lǔb (a-/mə-),a-/më-,lub,,lub,ø,cl5/cl6,Gender-3,nom,
sourness,aigreur,mgbəg (a-/mə-),a-/më-,mgbëg,,mgbëg,ø,cl5/cl6,Gender-3,nom,
bitterness,amertume,yol (e-/bi-),e-/bi-,yol,,yol,ø,cl7/cl8,Gender-4,nom,
sulkiness,bourderie,kə̌m (e-/bi-),e-/bi-,këm,,këm,ø,cl7/cl8,Gender-4,nom,
insolence,insolence,vəl (a-/mə-),a-/më-,vël,,vël,ø,cl5/cl6,Gender-3,nom,
dissatisfaction,insatisfaction,liǹán (ǹ-/min-),n-/min-,lin-an,,lin-,an,cl3/cl4,Gender-2,nom,
annoyed,contrarié,wɔb (e-/bi-),e-/bi-,wob,,wob,ø,cl7/cl8,Gender-4,nom,
bitterness,amertume,víni (ǹ-/min-),n-/min-,vin-i,,vin-,i,cl3/cl4,Gender-2,nom,
discontent,mécontentement,dzǔg (ǹ-/miǹ-),n-/min-,dzug,,dzug,ø,cl3/cl4,Gender-2,nom,
disgust,dégoût,nyáǹala (ǹ-/miǹ-),n-/min-,nyan-ala,,nyan-,ala,cl3/cl4,Gender-2,nom,
displeasure,déplaisir,nyinyian (ǹ-/miǹ-),n-/min-,nyi-nyi-an,,nyi-,nyi-an,cl3/cl4,Gender-2,nom,
unpleasantness,désagrément,wɔb (o-/o-),o-/o-,wob,,wob,ø,cl11/cl11,Gender-8b,nom,
irritation,irritation,lún (ø-/ø-),ø-/ø-,lun,,lun,ø,cl9/cl10,Gender-5,nom,
stripping,dépouillement,mvomolo (ø-/ø-),ø-/ø-,mvom-olo,,mvom-,ol-o,cl9/cl10,Gender-5,nom,
renunciation,renoncement,ənəlé (a-/a-),a-/a-,ën-ël-e,,ën-,ël-e,cl5/cl5,Gender-3f,nom,
dispossession,dépossession,yán (a-/mə-),a-/më-,yan,,yan,ø,cl5/cl6,Gender-3,nom,
deprivation,privation,sósoda (e-/bi-),e-/bi-,so-sod-a,so,-sod-,a,cl7/cl8,Gender-4,nom,
austerity,austérité,fómóló (m̀-/min-),m-/min-,fom-ol-o,,fom-,ol-o,cl3/cl4,Gender-2,nom,
stripped,dépouillé,sɔ (ǹ-/min-),n-/min-,so,,so,ø,cl3/cl4,Gender-2,nom,
dépouillement,dépouillement,sódán (ǹ-/min-),n-/min-,sod-an,,sod-,an,cl3/cl4,Gender-2,nom,
mortal remains,dépouille mortelle,bim (m̀-/min-),m-/min-,bim,,bim,ø,cl3/cl4,Gender-2,nom,
dépouillement,dépouillement,bóm (o-/o-),o-/o-,bom,,bom,ø,cl11/cl11,Gender-8b,nom,
dispossession,dépossession,sɔdi (e-/bi-),e-/bi-,sod-i,,sod-,i,cl7/cl8,Gender-4,nom,
frustration,frustration,wɔi (e-/bi-),e-/bi-,wo-i,,wo-,i,cl7/cl8,Gender-4,nom,
destitution,démunition,kián (ǹ-/min-),n-/min-,ki-an,,ki-,an,cl3/cl4,Gender-2,nom,
bald,dégarni,sa (o-/o-),o-/o-,sa,,sa,ø,cl11/cl11,Gender-8b,nom,
stripping,dépouillement,wole (o-/o-),o-/o-,wol-e,,wol-,e,cl11/cl11,Gender-8b,nom,
dusting,dépoussiérage,fími (e-/bi-),e-/bi-,fim-i,,fim-,i,cl7/cl8,Gender-4,nom,
dusting,epoussetage,sas (e-/bi-),e-/bi-,sas,,sas,ø,cl7/cl8,Gender-4,nom,
degradation,dépradation,wúǹulu (ǹ-/min-),n-/min-,wun-ul-u,,wun-,ul-u,cl3/cl4,Gender-2,nom,
depravation,dépravation,sog (bi-/bi-),bi-/bi-,sog,,sog,ø,cl8/cl8,Gender-4b,nom,
debauching,débauche,bɔli (e-/bi-),e-/bi-,bol-i,,bol-,i,cl7/cl8,Gender-4,nom,
dissolution,dissolution,ndáman (e-/bi-),e-/bi-,ndam-an,,ndam-,an,cl7/cl8,Gender-4,nom,
perversity,perversité,vɔlan (e-/bi-),e-/bi-,vol-an,,vol-,an,cl7/cl8,Gender-4,nom,
vice,vice,nyɔ́d (e-/bi-),e-/bi-,nyòd,,nyòd,ø,cl7/cl8,Gender-4,nom,
deprecation,déprécation,yəgá (e-/bi-),e-/bi-,yëg-a,,yëga-,a,cl7/cl8,Gender-4,nom,
prayer,prière,ngogolán (ø-/mə-),ø-/më-,n-go-gol-an,-gol-,n-gol-,an,cl9/cl6,Gender-7,nom,
depreciation,dépréciation,byandi (e-/bi-),e-/bi-,byandi,,byandi,ø,cl7/cl8,Gender-4,nom,
belittlement,rabaissement,byandí (e-/bi-),e-/bi-,byandi,,byandi,ø,cl7/cl8,Gender-4,nom,
deteriorate,dégradation,dzaa (e-/bi-),e-/bi-,dza-a,,dza-,a,cl7/cl8,Gender-4,nom,
fall,chute,bíán (mə-/mə-),më-/më-,bi-an,,bi-,an,cl6/cl6,Gender-5,nom,
downgrading,rabaissement,sáma (mə-/mə-),më-/më-,sam-a,,sam-,a,cl6/cl6,Gender-5,nom,
devaluation,dévaluation,səǹ (mə-/mə-),më-/më-,sën,,sën,ø,cl6/cl6,Gender-5,nom,
decline,baisse,sui (mə-/mə-),më-/më-,su-i,,su-,i,cl6/cl6,Gender-5,nom,
depreciation,dépréciation,səǹ (ǹ-/min-),n-/min-,sën,,sën,ø,cl3/cl4,Gender-2,nom,
misappropriation,détournement,tyán (ǹ-/min-),n-/min-,ty-an,,tyi-,an,cl3/cl4,Gender-2,nom,
looting,pillage,ngodoga (ø-/mə-),ø-/më-,ngod-og-a,,ngod-,oga,cl9/cl6,Gender-7,nom,
devastation,ravage,anyama (ø-/mə-),ø-/më-,anyam-a,,anyam-,a,cl9/cl6,Gender-7,nom,
pillage,saccage,sum (a-/a-),a-/a-,sum,,sum,ø,cl5/cl5,Gender-3f,nom,
embezzlement,malversation,ndáman (e-/bi-),e-/bi-,ndam-an,,ndam-,an,cl7/cl8,Gender-4,nom,
depredation,déprédation,nyaman (ǹ-/min-),n-/min-,nyam-an,,nyam-,an,cl3/cl4,Gender-2,nom,
demarcation,délimitation,suga (ø-/ø-),ø-/ø-,sug-a,,sug-,a,cl9/cl10,Gender-5,nom,
bourdary marking,bornage,kiǹili (e-/bi-),e-/bi-,kin-il-i,,kin-,il-i,cl7/cl8,Gender-4,nom,
boundary,limite,nyie (ǹ-/miǹ-),n-/min-,nyie,,nyie,ø,cl3/cl4,Gender-2,nom,
border,frontière,ngie (ø-/ø-),ø-/ø-,ngie,,ngie,ø,cl9/cl10,Gender-5,nom,
wedge,délinéament,kiǹili (e-/bi-),e-/bi-,kin-il-i,,kiṅ-,il-i,cl7/cl8,Gender-4,nom,
delineate,délinquant,tótóm (ǹ-/miǹ-),n-/min-,to-tom,to,-tom,ø,cl3/cl4,Gender-2,nom,
offender,colis,tóm (a-/mə-),a-/më-,tom,,tom,ø,cl5/cl6,Gender-3,nom,
package,déliquescence,lamvoma (e-/bi-),e-/bi-,lamvoma,,lamvoma,ø,cl7/cl8,Gender-4,nom,
decay,étiolement,vɔlan (e-/bi-),e-/bi-,vol-an,,vol-,an,cl7/cl8,Gender-4,nom,
deliquescence,déliquescent,bɔli (e-/bi-),e-/bi-,bol-i,,bol-,i,cl7/cl8,Gender-4,nom,
deliquescent,décrépit,təgə (e-/bi-),e-/bi-,tëg-ë,,tëg-,ë,cl7/cl8,Gender-4,nom,
decrepit,affaibli,təgán (ǹ-/miǹ-),n-/min-,tëg-an,,tëg-,an,cl3/cl4,Gender-2,nom,
impaired,délire,dzóǹ (bi-/bi-),bi-/bi-,dzon,,dzon,ø,cl8/cl8,Gender-4b,nom,
delirium,stupide,dzoǹo (ø-/ø-),ø-/ø-,dzon-o,,dzon-,o,cl9/cl10,Gender-5,nom,
stupid,folie,kúd (a-/mə-),a-/më-,kud,,kud,ø,cl5/cl6,Gender-3,nom,
madness,délire,dag (o-/o-),o-/o-,dag,,dag,ø,cl11/cl11,Gender-8b,nom,
fault,faute,konda (e-/bi-),e-/bi-,kond-a,,kond-,a,cl7/cl8,Gender-4,nom,
offense,délit,bóm (o-/o-),o-/o-,bom,,bom,ø,cl11/cl11,Gender-8b,nom,
issue,problème,tɔm (e-/bi-),e-/bi-,tom,,tom,ø,cl7/cl8,Gender-4,nom,
error,erreur,vus (e-/bi-),e-/bi-,vus,,vus,ø,cl7/cl8,Gender-4,nom,
sin,péché,səm (ǹ-/miǹ-),n-/min-,sëm,,sëm,ø,cl3/cl4,Gender-2,nom,
crumb,miette,nyuǹ (a-/mə-),a-/më-,nyun,,nyun,ø,cl5/cl6,Gender-3,nom,
spalling,délitage,lubi (ǹ-/miǹ-),n-/min-,lub-i,,lub-,i,cl3/cl4,Gender-2,nom,
evict,déguerpissement,tsídan (e-/e-),e-/e-,tsid-an,,tsid-,an,cl7/cl7,Gender-4a,nom,
smashing,démolissement,tsam (e-/bi-),e-/bi-,tsam,,tsam,ø,cl7/cl8,Gender-4,nom,
moving,déménagement,bólé (ǹ-/miǹ-),n-/min-,bol-e,,bol-,e,cl3/cl4,Gender-2,nom,
delocalisation,délocalisation,bə́ngé (a-/mə-),a-/më-,bëng-e,,bëng-,e,cl5/cl6,Gender-3,nom,
move home,déménager,bólán (m̀-/miǹ-),m-/min-,bol-an,,bol-,an,cl3/cl4,Gender-2,nom,
demotion,démolition,tsama (ǹ-/miǹ-),n-/min-,tsam-a,,tsam-,a,cl3/cl4,Gender-2,nom,
unfair,déloyal,fiǹilí (ø-/ø-),ø-/ø-,fin-il-i,,fin-,il-i,cl9/cl10,Gender-5,nom,
petty,mesquin,ngád (bi-/bi-),bi-/bi-,ngad,,ngad,ø,cl8/cl8,Gender-4b,nom,
deceit,fourberie,mvol (ø-/ø-),ø-/ø-,mvol,,mvol,ø,cl9/cl10,Gender-5,nom,
lye,mensonge,nǎl (miǹ-/min-),min-/min-,nal,,nal,ø,cl4/cl4,Gender-2c,nom,
flood,déluge,ndón (ø-/ø-),ø-/ø-,ndon,,ndon,ø,cl9/cl10,Gender-5,nom,
quick-witted,déluré,dídīga (o-/o-),o-/o-,di-dig-a,di,-dig-,a,cl11/cl11,Gender-8b,nom,
demagoguery,démagogie,dzɔǹɔlɔ (e-/e-),e-/e-,dzon-ol-o,,dzon-,ol-o,cl7/cl7,Gender-4a,nom,
demagogue,démagogue,dzɔǹ (ǹ-/n-),n-/n-,dzon,,dzon,ø,cl3/cl3,Gender-2b,nom,
road,route,dzɔǹ (ǹ-/miǹ-),n-/min-,dzon,,dzon,ø,cl3/cl4,Gender-2,nom,
duplicitous person,personne fourbe,vomvól (m̀-/miǹ-),m-/min-,vo-mvol,,-mvol-,vo,cl3/cl4,Gender-2,nom,
tomorrow,demain,kidi (o-/o-),o-/o-,kid-i,,kid-,i,cl11/cl11,Gender-8b,nom,
home of,résidence de,mvóg (ø-/ø-),ø-/ø-,mvog,,mvog,ø,cl9/cl10,Gender-5,nom,
salt,sel,kǔ (ǹ-/n-),n-/n-,ku,,ku,ø,cl3/cl3,Gender-2b,nom,
resignation,démission,dzoge (e-/bi-),e-/bi-,dzog-e,,dzog-,e,cl7/cl8,Gender-4,nom,
exodus,exode,kɔ́dán (ǹ-/min-),n-/min-,kòd-an,,kòd-,an,cl3/cl4,Gender-2,nom,
turning around,démi-tour,kɔ́dán (ǹ-/min-),n-/min-,kòd-an,,kòd-,an,cl3/cl4,Gender-2,nom,
oldness,veillesse,yom (a-/a-),a-/a-,yom,,yom,ø,cl5/cl5,Gender-3f,nom,
demographics,démographie,od (b-/b-),b-/b-,od,,od,ø,cl2/cl2,Gender-1b,nom,
miss,demoiselle,dzáǹ (ǹ-/bə-),n-/bë-,dzan,,dzan,ø,cl1/cl2,Gender-1,nom,
conceited,prétentieux,laǹ (e-/bi-),e-/bi-,lan,,lan,ø,cl7/cl8,Gender-4,nom,
multiplier,démultiplicateur,buli (m̀-/bə-),m-/bë-,bul-i,,bul-,i,cl1/cl2,Gender-1,nom,
demystification,démystification,fəlan (e-/bi-),e-/bi-,fël-an,,fël-,an,cl7/cl8,Gender-4,nom,
tax,impôt,tɔlɔ (ǹ-/miǹ-),n-/min-,tol-o,,tol-,o,cl3/cl4,Gender-2,nom,
enumeration,dénombrement,láǹán (ǹ-/miǹ-),n-/min-,lan-an,,lan-,an,cl3/cl4,Gender-2,nom,
food,denrée,sá (bi-/bi-),bi-/bi-,sa,,sa,ø,cl8/cl8,Gender-4b,nom,
supply,provision,kaí (e-/bi-),e-/bi-,ka-i,,ka-,i,cl7/cl8,Gender-4,nom,
density,densité,nginda (ø-/ø-),ø-/ø-,ngind-a,,ngind-,a,cl9/cl10,Gender-5,nom,
exaggeration,exagération,nəman (ǹ-/min-),n-/min-,nëm-an,,nëm-,an,cl3/cl4,Gender-2,nom,
spoil,usé,tu (ǹ-/miǹ-),n-/min-,tu,,tu,ø,cl3/cl4,Gender-2,nom,
share,part,nkab (ø-/mə-),ø-/më-,n-kab,n,-kab,ø,cl9/cl6,Gender-7,nom,
astonishment,étonnement,yəyəgan (e-/bi-),e-/bi-,yëy-ëg-an,,yëy-,ëg-an,cl7/cl8,Gender-4,nom,
butchering,dépeçage,bɛ (e-/e-),e-/e-,be,,be,ø,cl7/cl7,Gender-4a,nom,
dissection,morcelage,saŋa (ø-/ø-),ø-/ø-,saṅ-a-,,saṅ-,a,cl9/cl10,Gender-5,nom,
breaking up,morcellement,saŋala (e-/bi-),e-/bi-,saṅ-al-a,,saṅ-,al-a,cl7/cl8,Gender-4,nom,
increase,augmentation,fəlan (e-/bi-),e-/bi-,fël-an,,fël-,an,cl7/cl8,Gender-4,nom,
fragmentation,fragmentation,tsîg (e-/bi-),e-/bi-,tsig,,tsig,ø,cl7/cl8,Gender-4,nom,
athlete's foot,mycose des pieds,tsigi (ǹ-/bə-),n-/bë-,tsig-i,,tsig-,i,cl1/cl2,Gender-1,nom,
collector,collecteur,tsigə (ǹ-/bə-),n-/bë-,tsig-ë,,tsig-,ë,cl1/cl2,Gender-1,nom,
sharing,partage,ba (mə-/mə-),më-/më-,ba,,ba,ø,cl6/cl6,Gender-5,nom,
butchering,dépeçage,bɛán (m̀-/min-),m-/min-,bè-an,,bè-,an,cl3/cl4,Gender-2,nom,
girl,fille,gɔn (ǹ-/bə-),n-/bë-,gòn,,gòn,ø,cl1/cl2,Gender-1,nom,
name,nom,wé (dz-/m-),dz-/m-,we,,we,ø,cl5a/cl6a,Gender-3b,nom,
beauty,beauté,bəŋ (a-/mə-),a-/më-,bëṅ,,bëṅ,ø,cl5/cl6,Gender-3,nom,
happiness,joie,tag (min-/min-),min-/min-,tag,,tag,ø,cl4/cl4,Gender-2c,nom,
friend,ami,mvoé (ø-/bə-),ø-/bë-,mvoe,,mvoe,ø,cl9/cl2,Gender-6,nom,
morning,matinée,kídí (ø-/ø-),ø-/ø-,kidi,,kidi,ø,cl9/cl10,Gender-5,nom,
peace,paix,mvɔí (ø-/ø-),ø-/ø-,mvòi,,mvòi,ø,cl9/cl10,Gender-5,nom,
hapiness,joie,ǹtag (ǹ-/mi-),n-/mi-,n-tag,n,-tag,ø,cl3/cl4,Gender-2,nom,
angry,colère,lún (o-/a-),o-/a-,lun,,lun,ø,cl11/cl5,Gender-8,nom,
smile,sourire,muǹ (mə-/mə-),më-/më-,mun,,mun,ø,cl6/cl6,Gender-5,nom,
matter,problème,dzó (a-/mə-),a-/më-,dzo,,dzo,ø,cl5/cl6,Gender-3,nom,
fear,peur,wɔ̌ŋ (ø-/ø-),ø-/ø-,wòṅ,,wòṅ,ø,cl9/cl10,Gender-5,nom,
kindness,gentillesse,fáŋ (a-/a-),a-/a-,faṅ,,faṅ,ø,cl5/cl5,Gender-3f,nom,
teenager,adolescent,dóman (ǹ-/bə-),n-/bë-,dom-an,,dom-,an,cl1/cl2,Gender-1,nom,
young girl,jeune fille,ngɔn (ǹ-/bə-),n-/bë-,ngòn,,ngòn,ø,cl1/cl2,Gender-1,nom,
male,genre masculin,fám (ø-/bə-),ø-/bë-,fam,,fam,ø,cl9/cl2,Gender-6,nom,
brother,frère,dom (n-/bə-),n-/bë-,dom,,dom,ø,cl1/cl2,Gender-1,nom,
botherhood,fratrie,nyaŋ (a-/a-),a-/a-,nyaṅ,,nyaṅ,ø,cl5/cl5,Gender-3f,nom,
father,père,tadá (ø-/bə-),ø-/bë-,tada,,tada,ø,cl9/cl2,Gender-6,nom,
his father,son père,ésíá (ø-/ø-),ø-/ø-,esia,,esia,ø,cl9/cl10,Gender-5,nom,
my father,mon père,tita (ø-/ø-),ø-/ø-,tita,,tita,ø,cl9/cl10,Gender-5,nom,
mother,mère,nya (n-/bə-),n-/bë-,nya,,nya,ø,cl1/cl2,Gender-1,nom,
my mother,ma mère,nana (ø-/bə-),ø-/bë-,na-na,,na-,na,cl9/cl2,Gender-6,nom,
his sister,sa soeur (la soeur d'un frère),kal (ø-/bə-),ø-/bë-,kal,,kal,ø,cl9/cl2,Gender-6,nom,
easiness,facilité,bǔbu (e-/bi-),e-/bi-,bu-bu,,bu-,bu,cl7/cl8,Gender-4,nom,
easiness,facilité,tsígíbí (ø-/ø-),ø-/ø-,tsig-ib-i,,tsig-,ib-i,cl9/cl10,Gender-5,nom,
palour,salle de séjour,bǎ (a-/mə-),a-/më-,ba,,ba,ø,cl5/cl6,Gender-3,nom,
kitchen,cuisine,késin (ø-/mə-),ø-/më-,kesin,,kesin,ø,cl9/cl6,Gender-7,nom,
room,chambre à coucher,tundá (e-/bi-),e-/bi-,tunda,,tunda,ø,cl7/cl8,Gender-4,nom,
bathroom,salle de bain,wɔbɔ (e-/bi-),e-/bi-,wob-o,,wòb-,o,cl7/cl8,Gender-4,nom,
yard,cour,səǹɔ (ǹ-/mi-),n-/mi-,sën-o,,sën-,o,cl3/cl4,Gender-2,nom,
cassava,manioc,m̀boǹ (ǹ-/mi-),n-/mi-,mbon,,mbon,ø,cl3/cl4,Gender-2,nom,
rice,riz,lɛs (o-/a-),o-/a-,les,,les,ø,cl11/cl5,Gender-8,nom,
price,prix,taǹ (ø-/mə-),ø-/më-,tan,,tan,ø,cl9/cl6,Gender-7,nom,
purchase,achat,ǹkus (ǹ-/mi-),n-/mi-,nkus,,nkus,ø,cl3/cl4,Gender-2,nom,
fufu,couscous,vuvǔ (ø-/bə-),ø-/bë-,vuvu,,vuvu,ø,cl9/cl2,Gender-6,nom,
cut tooth,dent taillée en pointe,saǹ (ǹ-/mi-),n-/mi-,san,,san,ø,cl3/cl4,Gender-2,nom,
dental,dental,sǒǹ (a-/mə-),a-/më-,son,,son,ø,cl5/cl6,Gender-3,nom,
wolf's tooth,dent-de-loup,bomé (m̀-/mi-),m-/mi-,bom-e,,bom-,e,cl3/cl4,Gender-2,nom,
toothed,denté,sǒǹ (mə-/mə-),më-/më-,son,,son,ø,cl6/cl6,Gender-5,nom,
serrated,dentée,kogó (a-/mə-),a-/më-,kog-o,,kog-,o,cl5/cl6,Gender-3,nom,
toothed,dentelé,zaǹ (a-/mə-),a-/më-,zan,,zan,ø,cl5/cl6,Gender-3,nom,
lace,dentelle,lís (ø-/ø-),ø-/ø-,lis,,lis,ø,cl9/cl10,Gender-5,nom,
home page,accueil,bəlan (e-/bi-),e-/bi-,bël-an,,bël-,an,cl7/cl8,Gender-4,nom,
uprooting,déplantage,lag (ǹ-/mi-),n-/mi-,lag,,lag,ø,cl3/cl4,Gender-2,nom,
uproot,déplantation,vui (o-/a-),o-/a-,vui,,vui,ø,cl11/cl5,Gender-8,nom,
destacking,dépiquage,tyé (e-/bi-),e-/bi-,tye,,tye,ø,cl7/cl8,Gender-4,nom,
tedder,déplantoir,tyêga (e-/bi-),e-/bi-,tyeg-a,,tyeg-,a,cl7/cl8,Gender-4,nom,
depletion,déplétion,sə̌g (e-/bi-),e-/bi-,sëg,,sëg,ø,cl7/cl8,Gender-4,nom,
unfolding,dépliage,kúluga (e-/bi-),e-/bi-,kul-ug-a,,kul-,ug-a,cl7/cl8,Gender-4,nom,
unbend,dépliement,kúlán (ǹ-/mi-),n-/mi-,kul-an,,kul-,an,cl3/cl4,Gender-2,nom,
deployment,déploiement,tǎn (ǹ-/mi-),n-/mi-,tan,,tan,ø,cl3/cl4,Gender-2,nom,
notch,échancrure,yáán (ǹ-/mi-),n-/mi-,ya-an,,ya-,an,cl3/cl4,Gender-2,nom,
flyer,dépliant,bəgəlé (a-/mə-),a-/më-,bëg-ël-e,,bëg-,ël-e,cl5/cl6,Gender-3,nom,
introduction,instauration,kúluga (e-/bi-),e-/bi-,kul-ug-a,,kul-,ug-a,cl7/cl8,Gender-4,nom,
unfolded,déplié,kúlán (ǹ-/mi-),n-/mi-,kul-an,,kul-,an,cl3/cl4,Gender-2,nom,
rool-out,déploiement,ləde (e-/bi-),e-/bi-,lëd-e,,lëd-,e,cl7/cl8,Gender-4,nom,
display,étalage,damán (ǹ-/mi-),n-/mi-,dam-an,,dam-,an,cl3/cl4,Gender-2,nom,
deposition,déposition,boǹ (e-/bi-),e-/bi-,bon,,bon,ø,cl7/cl8,Gender-4,nom,
depository,dépositaire,baala (m̀-/bə-),m-/bë-,baal-a,,baal-,a,cl1/cl2,Gender-1,nom,
display,présentoir,sám (ǹ-/mi-),n-/mi-,sam,,sam,ø,cl3/cl4,Gender-2,nom,
display,étalage,tǎn (ǹ-/mi-),n-/mi-,tan,,tan,ø,cl3/cl4,Gender-2,nom,
showcase,vitrine,ta (ǹ-/mi-),n-/mi-,ta,,ta,ø,cl3/cl4,Gender-2,nom,
exhibition,exposition,vanda (a-/mə-),a-/më-,vand-a,,vand-,a,cl5/cl6,Gender-3,nom,
exhibition,exhibition,kúli (e-/bi-),e-/bi-,kul-i,,kul-,i,cl7/cl8,Gender-4,nom,
unwinding,déroulement,sas (e-/bi-),e-/bi-,sas,,sas,ø,cl7/cl8,Gender-4,nom,
deportment,déportement,sog (e-/bi-),e-/bi-,sog,,sog,ø,cl7/cl8,Gender-4,nom,
deplorable,déplorable,bé (a-/mə-),a-/më-,be,,be,ø,cl5/cl6,Gender-3,nom,
lamentable,lamentable,dzaa (e-/bi-),e-/bi-,dza-a,,dza-,a,cl7/cl8,Gender-4,nom,
regrettable,regrettable,kib (ǹ-/mi-),n-/mi-,kib,,kib,ø,cl3/cl4,Gender-2,nom,
blamable,blamable,bóndá (ø-/ø-),ø-/ø-,bond-a,,bond-,a,cl9/cl10,Gender-5,nom,
scandalous,scandaleux,mvənde (ø-/ø-),ø-/ø-,mvënd-e,,mvënd-,e,cl9/cl10,Gender-5,nom,
detestable,detestable,síngí (a-/mə-),a-/më-,sing-i,,sing-,i,cl5/cl6,Gender-3,nom,
appalling,effroyable,wɔb (a-/mə-),a-/më-,wob,,wob,ø,cl5/cl6,Gender-3,nom,
pitiful,piteux,bom (o-/a-),o-/a-,bom,,bom,ø,cl11/cl5,Gender-8,nom,
depollution,dépollution,fubu (e-/bi-),e-/bi-,fub-u,,fub-,u,cl7/cl8,Gender-4,nom,
decontamination,dépollution,bindi (e-/bi-),e-/bi-,bind-i,,bind-,i,cl7/cl8,Gender-4,nom,
depopulation,dépopulation,fun (e-/bi-),e-/bi-,fun,,fun,ø,cl7/cl8,Gender-4,nom,
dispossession,dépossession,lalí (a-/mə-),a-/më-,lal-i,,lal-,i,cl5/cl6,Gender-3,nom,
spoliation,spoliation,bádág (e-/bi-),e-/bi-,bad-ag,,bad-,ag,cl7/cl8,Gender-4,nom,
seizure,saisie,fadi (e-/bi-),e-/bi-,fad-i,,fad-,i,cl7/cl8,Gender-4,nom,
confiscation,confiscation,lali (e-/bi-),e-/bi-,lal-i,,lal-,i,cl7/cl8,Gender-4,nom,
deposit,dépôt,sɔ́í (e-/bi-),e-/bi-,sòi,,sòi,ø,cl7/cl8,Gender-4,nom,
warehouse,entrepôt,tə́le (e-/bi-),e-/bi-,tël-e,,tël-,e,cl7/cl8,Gender-4,nom,
warehouse,magasin,tə̌g (e-/bi-),e-/bi-,tëg,,tëg,ø,cl7/cl8,Gender-4,nom,
storage,rangement,kág (a-/mə-),a-/më-,kag,,kag,ø,cl5/cl6,Gender-3,nom,
depot,dépotoire,kun (a-/mə-),a-/më-,kun,,kun,ø,cl5/cl6,Gender-3,nom,
bankruptcy,dépôt de bilan,lalálá (a-/mə-),a-/më-,lal-al-a,,lal-,al-a,cl5/cl6,Gender-3,nom,
heap,amas,ngǒs (a-/mə-),a-/më-,ngos,,ngos,ø,cl5/cl6,Gender-3,nom,
deposit of a liquid,dépôt d'un liquide,mgbíd (e-/bi-),e-/bi-,mgbid,,mgbid,ø,cl7/cl8,Gender-4,nom,
dumping,dépotage,dzii (e-/bi-),e-/bi-,dzi-i,,dzi-,i,cl7/cl8,Gender-4,nom,
dumping,dépotement,ləǹ (e-/bi-),e-/bi-,lën,,lën,ø,cl7/cl8,Gender-4,nom,
unloading,dépotage,yidi (e-/bi-),e-/bi-,yid-i,,yid-,i,cl7/cl8,Gender-4,nom,
envelope,enveloppe,kiǹili (e-/bi-),e-/bi-,kin-il-i,,kin-,il-i,cl7/cl8,Gender-4,nom,
packaging,emballage,kokom (e-/bi-),e-/bi-,ko-kom,ko,-kom,ø,cl7/cl8,Gender-4,nom,
sheath,gaine,kob (e-/bi-),e-/bi-,kob,,kob,ø,cl7/cl8,Gender-4,nom,
zouave,zouave,lɔ́bí (e-/bi-),e-/bi-,lòb-i,,lòb-,i,cl7/cl8,Gender-4,nom,
zoology,zoologie,tsíd (ø-/ø-),ø-/ø-,tsid,,tsid,ø,cl9/cl10,Gender-5,nom,
zoo,zoo,bəmbá (a-/mə-),a-/më-,bëm-ba,,bëm-,ba,cl5/cl6,Gender-3,nom,
against,contre bàs,kiá (ǹ-/mi-),n-/mi-,kia,,kia,ø,cl3/cl4,Gender-2,nom,
marsh,marais,ngas (e-/bi-),e-/bi-,ngas,,ngas,ø,cl7/cl8,Gender-4,nom,
zone,zone,ngab (ø-/ø-),ø-/ø-,ngab,,ngab,ø,cl9/cl10,Gender-5,nom,
zombi,zombie,kón (ø-/ø-),ø-/ø-,kon,,kon,ø,cl9/cl10,Gender-5,nom,
zodiac,zodiaque,ngám (ø-/ø-),ø-/ø-,ngam,,ngam,ø,cl9/cl10,Gender-5,nom,
zob,zob,sɔ́d (ǹ-/mi-),n-/mi-,sòd,,sòd,ø,cl3/cl4,Gender-2,nom,
phalus,phalus,sɔsɔli (e-/bi-),e-/bi-,so-soli,so,-soli,ø,cl7/cl8,Gender-4,nom,
conflict,zizanie,ladán (a-/mə-),a-/më-,lad-an,,lad-,an,cl5/cl6,Gender-3,nom,
crazy,cinglé,fufúlán (m̀-/mi-),m-/mi-,fu-ful-an,fu,-fulu-,an,cl3/cl4,Gender-2,nom,
zigzag,zigzag,kibilaí (bə-/bə-),bë-/bë-,kibilai,,kibilai,ø,cl2/cl2,Gender-1b,nom,
zest,zeste,álag (my-/my-),my-/my-,alag,,alag,ø,cl3/cl3,Gender-2b,nom,
zero,zéro,zəzə (ø-/ø-),ø-/ø-,zëzë,,zëzë,ø,cl9/cl10,Gender-5,nom,
Zenith,Zénith,zɔndɔm (o-/a-),o-/a-,zondom,,zondom,ø,cl11/cl5,Gender-8,nom,
stripe,rayure,téndé (ǹ-/mi-),n-/mi-,tend-e,,tend-,e,cl3/cl4,Gender-2,nom,
vulva,vulve,mvěl (ø-/ø-),ø-/ø-,mvel,,mvel,ø,cl9/cl10,Gender-5,nom,
vulgar,vulgarité,mgbəg (mə-/mə-),më-/më-,mgbëg,,mgbëg,ø,cl6/cl6,Gender-5,nom,
nutty,zinzin,fufúlán (m̀-/mi-),m-/mi-,fu-ful-an,fu,-fulu-,an,cl3/cl4,Gender-2,nom,
xylophone,xylophone,ndzáŋ (mə-/mə-),më-/më-,ndzaṅ,,ndzaṅ,ø,cl6/cl6,Gender-5,nom,
traditional whisky,whisky traditionnel,mgbalam (a-/mə-),a-/më-,mgba-lam,,mgbal-,lam,cl5/cl6,Gender-3,nom,
alcoholic beverage,boisson alcoolisée,lám (bi-/bi-),bi-/bi-,lam,,lam,ø,cl8/cl8,Gender-4b,nom,
wagon,wagon,kág (e-/bi-),e-/bi-,kag,,kag,ø,cl7/cl8,Gender-4,nom,
trumpet,trompette,tɔǹ (ø-/mə-),ø-/më-,ton,,ton,ø,cl9/cl6,Gender-7,nom,
microphone,microphone,kpágada (m̀-/mi-),m-/mi-,kpag-ad-a,,kpag-,ad-a,cl3/cl4,Gender-2,nom,
awareness campaign,campagne de sensibilisation,bəgəle (o-/a-),o-/a-,bëg-ël-e,,bëg-,ël-e,cl11/cl5,Gender-8,nom,
outreach,vulgarisation,lugusu (o-/a-),o-/a-,lug-us-u,,lug-,us-u,cl11/cl5,Gender-8,nom,
populariser,vulgarisateur,wúmulu (ǹ-/bə-),n-/bë-,wum-ul-u,,wum-,ul-u,cl1/cl2,Gender-1,nom,
vulgar,vulgaire,dzədzab (o-/a-),o-/a-,dzë-dzab,dzë,-zab,-dz-,cl11/cl5,Gender-8,nom,
idiot,idiot,bús (e-/bi-),e-/bi-,bus,,bus,ø,cl7/cl8,Gender-4,nom,
whimsical,caprices,mgbəg (mə-/mə-),më-/më-,mgbëg,,mgbëg,ø,cl6/cl6,Gender-5,nom,
crude,grossier,byag (o-/a-),o-/a-,byag,,byag,ø,cl11/cl5,Gender-8,nom,
view,vue,yen (mə-/mə-),më-/më-,yen,,yen,ø,cl6/cl6,Gender-5,nom,
noise,bruit,duǹ (e-/bi-),e-/bi-,dun,,dun,ø,cl7/cl8,Gender-4,nom,
whirring,vrombissement,sog (a-/mə-),a-/më-,sog,,sog,ø,cl5/cl6,Gender-3,nom,
tendril,vrille,túbuga (e-/bi-),e-/bi-,tub-ug-a,,tub-,ug-a,cl7/cl8,Gender-4,nom,
plausibility,vraisemblance,kámbā (a-/mə-),a-/më-,kamb-a,,kamb-,a,cl5/cl6,Gender-3,nom,
likely,vraisemblable,kámbā (ø-/ø-),ø-/ø-,kamb-a,,kamb-,a,cl9/cl10,Gender-5,nom,
truth,vérité,bə́bə́lá (ø-/ø-),ø-/ø-,bë-bël-a,bë,-bëlë-,a,cl9/cl10,Gender-5,nom,
TRUE,véritable,faǹ (m̀-/min-),m-/min-,fan,,fan,ø,cl3/cl4,Gender-2,nom,
right,justesse,sosoo (ø-/ø-),ø-/ø-,sosoo,,sosoo,ø,cl9/cl10,Gender-5,nom,
clairvoyant,voyant,bwee ngam (m̀-/bə-),m-/bë-,bwee ngam,,bwee ngam,ø,cl1/cl2,Gender-1,nom,
magician,mage,bobód (m̀-/bə-),m-/bë-,bo-bod,bo,-bod,ø,cl1/cl2,Gender-1,nom,
clairvoyance,voyance,mvigí (ø-/ø-),ø-/ø-,mvig-i,,mvig-,i,cl9/cl10,Gender-5,nom,
marabout,marabout,gəngám (ǹ-/min-),n-/min-,gë-ngam,gë,-ngam,ø,cl3/cl4,Gender-2,nom,
traveller,voyageur,dzɔm (ǹ-/bə-),n-/bë-,dzom,,dzom,ø,cl1/cl2,Gender-1,nom,
traveller,voyageur,wulu (ǹ-/bə-),n-/bë-,wul-u,,wul-,u,cl1/cl2,Gender-1,nom,
passer-by,passant,lod (ǹ-/bə-),n-/bë-,lod,,lod,ø,cl1/cl2,Gender-1,nom,
guest,invité,nəǹ (ǹ-/bə-),n-/bë-,nën,,nën,ø,cl1/cl2,Gender-1,nom,
business trip,voyage d'affaires,yəǹ (mə-/mə-),më-/më-,yën,,yën,ø,cl6/cl6,Gender-5,nom,
holiday,villégiature,ndángá (e-/bi-),e-/bi-,ndang-a,,ndang-,a,cl7/cl8,Gender-4,nom,
palatal vault,voûte palatale,ndab anyu (ø-/ø-),ø-/ø-,ndab anyu,,ndab anyu,ø,cl9/cl10,Gender-5,nom,
celestial vault,voûte céleste,ba(s) yób (e-/bi-),e-/bi-,ba(s) yob,,ba(s) yob,ø,cl7/cl8,Gender-4,nom,
arched (a being),vouté (un être),ngɔngɔǹ (o-/a-),o-/a-,ngo-ngon,ngo,-ngon,ø,cl11/cl5,Gender-8,nom,
arched (a being),vouté (un être),vudán (m̀-/min-),m-/min-,vud-an,,vud-,an,cl3/cl4,Gender-2,nom,
will,volonté,yián (ǹ-/min-),n-/min-,yi-an,,yi-,an,cl3/cl4,Gender-2,nom,
request,reclamation,yanda (ǹ-/min-),n-/min-,yand-a,,yand-,a,cl3/cl4,Gender-2,nom,
ardour,ardeur,vaǹ (o-/o-),o-/o-,van,,van,ø,cl11/cl11,Gender-8b,nom,
want,vouloir,yi (o-/o-),o-/o-,yi,,yi,ø,cl11/cl11,Gender-8b,nom,
your sister (same gender),votre sœur (même sexe),nyɔǹ (mɔ̄-/bɔ̄-bə́-),mò-/bò-bë-,nyon,,nyon,ø,non trouvé,non trouvé,nom,
your brother (same gender),votre frère (même sexe),nyɔǹ (mɔ̄-/bɔ̄-bə́-),mò-/bò-bë-,nyon,,nyon,ø,non trouvé,non trouvé,nom,
choice,choix,tɔbán (ǹ-/min-),n-/min-,tob-an,,tob-,an,cl3/cl4,Gender-2,nom,
vote,vote,ben bənə (ó-/a-),o-/a-,ben bën-ë,,ben bën-,ë,cl11/cl5,Gender-8,nom,
vortex,vortex,kiǹ (a-/mə-),a-/më-,kin,,kin,ø,cl5/cl6,Gender-3,nom,
voracity,voracité,səgəbə (a-/mə-),a-/më-,sëg-ëb-ë,,sëg-,ëb-ë,cl5/cl6,Gender-3,nom,
greed,avidité,kpaa (ø-/ø-),ø-/ø-,kpa-a,,kpa-,a,cl9/cl10,Gender-5,nom,
bulimia,boulimie,ndɔg (ø-/ø-),ø-/ø-,ndog,,ndog,ø,cl9/cl10,Gender-5,nom,
flavour,saveur,zám (ø-/ø-),ø-/ø-,zam,,zam,ø,cl9/cl10,Gender-5,nom,
voracious,vorace,kpəkpaa (ø-/ø-),ø-/ø-,kpë-kpaa,kpë,-kpaa,ø,cl9/cl10,Gender-5,nom,
glutton,glouton,dondɔg (ǹ-/min-),n-/min-,do-ndog,do,-ndog,ø,cl3/cl4,Gender-2,nom,
disgusting,répugt,nyugudu (e-/bi-),e-/bi-,nyug-ud-u,,nyug-,ud-u,cl7/cl8,Gender-4,nom,
vomit,vomissures,ndolo (ø-/bə-),ø-/bë-,ndol-o,,ndol-,o,cl9/cl2,Gender-6,nom,
vomiting,vomissement,yoo (a-/mə-),a-/më-,yoo,,yoo,ø,cl5/cl6,Gender-3,nom,
defecation,défecation,kúmundu (e-/bi-),e-/bi-,kumu-nd-u,,kumu-,nd-u,cl7/cl8,Gender-4,nom,
twisted,tordu,kɔd (ǹ-/min-),n-/min-,kod,,kod,ø,cl3/cl4,Gender-2,nom,
voluptuous,voluptueux,vag (a-/mə-),a-/më-,vag,,vag,ø,cl5/cl6,Gender-3,nom,
voluptuousness,volupté,mvɔm (ø-/ø-),ø-/ø-,mvom,,mvom,ø,cl9/cl10,Gender-5,nom,
enjoyment,jouissance,nyənga (e-/bi-),e-/bi-,nyën-ga,,nyën-,ga,cl7/cl8,Gender-4,nom,
joy,joie,tag (miǹ-/min-),min-/min-,tag,,tag,ø,cl4/cl4,Gender-2c,nom,
voluminous and badly made,volumineux et mal fait,tub (e-/bi-),e-/bi-,tub,,tub,ø,cl7/cl8,Gender-4,nom,
belly,ventre,bum (a-/mə-),a-/më-,bum,,bum,ø,cl5/cl6,Gender-3,nom,
voluminous,volumineux,totos (e-/bi-),e-/bi-,totos,,totos,ø,cl7/cl8,Gender-4,nom,
Thick,Épais,fǐb (a-/mə-),a-/më-,fib,,fib,ø,cl5/cl6,Gender-3,nom,
Bulky,Encombrant,tumudu (e-/bi-),e-/bi-,tum-ud-u,,tum-,ud-u,cl7/cl8,Gender-4,nom,
Abundant,Abondant,fob (e-/bi-),e-/bi-,fob,,fob,ø,cl7/cl8,Gender-4,nom,
Thick,Épais,dzob (e-/bi-),e-/bi-,dzob,,dzob,ø,cl7/cl8,Gender-4,nom,
thing,chose,óm (dz-/by-),dz-/by-,om,,om,ø,cl5a/cl8a,Gender-4a,nom,
measure,mesure,bóm (a-/mə-),a-/më-,bom,,bom,ø,cl5/cl6,Gender-3,nom,
volubility,volubité,vól (a-/a-),a-/a-,vol,,vol,ø,cl5/cl5,Gender-3f,nom,
capacity,capacité,bím (a-/mə-),a-/më-,bim,,bim,ø,cl5/cl6,Gender-3,nom,
drum,tambour,ngóm (ø-/mə-),ø-/më-,ngom,,ngom,ø,cl9/cl6,Gender-7,nom,
empty,viduité,yəb (a-/mə-),a-/më-,yëb,,yëb,ø,cl5/cl6,Gender-3,nom,
volige,volige,bám (a-/mə-),a-/më-,bam,,bam,ø,cl5/cl6,Gender-3,nom,
highwayman,bandit de grand chemin,zəmə kədə (ø-/ø-),ø-/ø-,zëmë këdë,,zëmë këdë,ø,cl9/cl10,Gender-5,nom,
petty,mesquin,mvol (ø-/ø-),ø-/ø-,mvol,,mvol,ø,cl9/cl10,Gender-5,nom,
meanness,mesquinerie,mvol (ø-/ø-),ø-/ø-,mvol,,mvol,ø,cl9/cl10,Gender-5,nom,
stealing,volant,zitía (ø-/ø-),ø-/ø-,zitia,,zitia,ø,cl9/cl10,Gender-5,nom,
neck,cou,kíǹ (ǹ-/min-),n-/min-,kin,,kin,ø,cl3/cl4,Gender-2,nom,
mouth,bouche,nyu (a-/mə-),a-/më-,nyu,,nyu,ø,cl5/cl6,Gender-3,nom,
tongue,langue,kɔbɔ (ǹ-/min-),n-/min-,kob-o,,kob-,o,cl3/cl4,Gender-2,nom,
car,voiture,vulud (e-/bi-),e-/bi-,vul-ud,,vul-,ud,cl7/cl8,Gender-4,nom,
machine,engin,mətúa (ø-/bə-),ø-/bë-,mëtua,,mëtua,ø,cl9/cl2,Gender-6,nom,
cart,charette,ngunubu (ø-/ø-),ø-/ø-,ngun-ub-u,,ngun-,ub-u,cl9/cl10,Gender-5,nom,
trolley,chariot,bígidi (e-/bi-),e-/bi-,bigid-i,,bigid-,i,cl7/cl8,Gender-4,nom,
hitch,attelage,kálíd (e-/bi-),e-/bi-,kalid,,kalid,ø,cl7/cl8,Gender-4,nom,
neighbour,voisin,tsaba (ǹ-/min-),n-/min-,tsab-a,,tsab-,a,cl3/cl4,Gender-2,nom,
neighbourhood,voisinage,tsaba (e-/bi-),e-/bi-,tsab-a,,tsab-,a,cl7/cl8,Gender-4,nom,
closer,rapprochement,ladan (a-/mə-),a-/më-,lad-an,,lad-,an,cl5/cl6,Gender-3,nom,
common ownership,mitoyenneté,ngɔdɔ (ø-/ø-),ø-/ø-,ngod-o,,ngod-,o,cl9/cl10,Gender-5,nom,
end,extrémité,kúg (a-/mə-),a-/më-,kug,,kug,ø,cl5/cl6,Gender-3,nom,
proximity,proximité,lad (a-/mə-),a-/më-,lad,,lad,ø,cl5/cl6,Gender-3,nom,
grove,bosquet,kaǹ (o-/a-),o-/a-,kan,,kan,ø,cl11/cl5,Gender-8,nom,
creation,création,komo (a-/mə-),a-/më-,kom-o,,kom-,o,cl5/cl6,Gender-3,nom,
creator,créateur,komo (ǹ-/min-),n-/min-,kom-o,,kom-,o,cl3/cl4,Gender-2,nom,
helpfulness,serviabilité,komodo (a-/a-),a-/a-,kom-od-o,,kom-,od-o,cl5/cl5,Gender-3f,nom,
foundation,fondation,komodo (ǹ-/min-),n-/min-,kom-od-o,,kom-,od-o,cl3/cl4,Gender-2,nom,
superhuman,surhumain,komódán (ǹ-/bə-),n-/bë-,kom-od-an,,kom-,od-an,cl1/cl2,Gender-1,nom,
bottle,bouteille,lɔmbi (ǹ-/min-),n-/min-,lòmb-i,,lòmb-,i,cl3/cl4,Gender-2,nom,
dame-jeanne,dame-jeanne,ngámbá (a-/mə-),a-/më-,ngamb-a,,ngamb-,a,cl5/cl6,Gender-3,nom,
white bridal veil,voile blanc de mariée,suláya (ø-/ø-),ø-/ø-,sulay-a,,sulay-,a,cl9/cl10,Gender-5,nom,
vow,vœu,ngagá (ø-/ø-),ø-/ø-,ngag-a,,ngag-,a,cl9/cl10,Gender-5,nom,
law,loi,tiǹ (a-/mə-),a-/më-,tin,,tin,ø,cl5/cl6,Gender-3,nom,
knot,noeud,tiǹ (a-/mə-),a-/më-,tin,,tin,ø,cl5/cl6,Gender-3,nom,
ambition,ambition,tám (ǹ-/min-),n-/min-,tam,,tam,ø,cl3/cl4,Gender-2,nom,
aim,visée,tám (o-/a-),o-/a-,tam,,tam,ø,cl11/cl5,Gender-8,nom,
aspiration,aspiration,vaǹ (o-/a-),o-/a-,van,,van,ø,cl11/cl5,Gender-8,nom,
nursery,pépinière,ngádan (ø-/mə-),ø-/më-,ngad-an,,ngad-,an,cl9/cl6,Gender-7,nom,
albino,albinos,naǹ (ǹ-/min-),n-/min-,nan,,nan,ø,cl3/cl4,Gender-2,nom,
vitiligo,vitiligo,ɔngɔ (miǹ-/min-),min-/min-,ong-o,,ong-,o,cl4/cl4,Gender-2c,nom,
glass,vitre,yed (e-/bi-),e-/bi-,yed,,yed,ø,cl7/cl8,Gender-4,nom,
glasses,lunettes,yed (bi-/bi-),bi-/bi-,yed,,yed,ø,cl8/cl8,Gender-4b,nom,
speed,vitesse,vól (a-/a-),a-/a-,vol,,vol,ø,cl5/cl5,Gender-3f,nom,
quickly,rapidité,vyám (mə-/mə-),më-/më-,vyam,,vyam,ø,cl6/cl6,Gender-5,nom,
race,course,bíl (m̀-/min-),m-/min-,bil,,bil,ø,cl3/cl4,Gender-2,nom,
rate,Célérité,fím (m̀-/min-),m-/min-,fim,,fim,ø,cl3/cl4,Gender-2,nom,
swiftness,promptitude,fóbolo (m̀-/min-),m-/min-,fob-ol-o,,fob,ol-o,cl3/cl4,Gender-2,nom,
diligence,diligence,dídīga (o-/a-),o-/a-,di-dig-a,di,-dig-,a,cl11/cl5,Gender-8,nom,
vitality,vitalité,tómóndán (a-/mə-),a-/më-,tom-ond-an,,tom-,ond-an,cl5/cl6,Gender-3,nom,
fluid,fluide,kɔn (ǹ-/min-),n-/min-,kon,,kon,ø,cl3/cl4,Gender-2,nom,
viscous,visqueux,kokɔn (ǹ-/min-),n-/min-,ko-kòn,ko,-kòn,ø,cl3/cl4,Gender-2,nom,
sticky,gluant,nden (a-/mə-),a-/më-,nden,,nden,ø,cl5/cl6,Gender-3,nom,
oil,huile,bɔn (m̀-/min-),m-/min-,bon,,bon,ø,cl3/cl4,Gender-2,nom,
sticky,collant,yáb (a-/a-),a-/a-,yab,,yab,ø,cl5/cl5,Gender-3f,nom,
visitor,visiteur,dzɔm (ǹ-/bə-),n-/bë-,dzom,,dzom,ø,cl1/cl2,Gender-1,nom,
explorer,explorateur,bəbə (m̀-/bə-),m-/bë-,bë-bë,bë,-bë,ø,cl1/cl2,Gender-1,nom,
pilgrim,pèlerin,fəb (m̀-/bə-),m-/bë-,fëb,,fëb,ø,cl1/cl2,Gender-1,nom,
foreigner,étranger,nəǹ (ǹ-/bə-),n-/bë-,nën,,nën,ø,cl1/cl2,Gender-1,nom,
evening visit,visite vespérale,mɔ (e-/bi-),e-/bi-,mo,,mo,ø,cl7/cl8,Gender-4,nom,
medical visit,visite médicale,fɔmbɔ (m̀-/min-),m-/min-,fomb-o,,fomb-,o,cl3/cl4,Gender-2,nom,
visit in the rain,visite par temps de pluie,lɔmbi (e-/bi-),e-/bi-,lomb-i,,lomb,i,cl7/cl8,Gender-4,nom,
visit of interest,visite d'intérêt,yəǹ (mə-/mə-),më-/më-,yën,,yën,ø,cl6/cl6,Gender-5,nom,
surveillance visit,visite de surveillance,fəb (e-/bi-),e-/bi-,fëb,,fëb,ø,cl7/cl8,Gender-4,nom,
condolence visit,visite de condoléances,dzian (e-/bi-),e-/bi-,dzi-an,,dzi-,an,cl7/cl8,Gender-4,nom,
pleasure visits,visite d'agrément,mɔ (e-/bi-),e-/bi-,mo,,mo,ø,cl7/cl8,Gender-4,nom,
visiting neighbours,visite chez les voisins,mɔ (e-/bi-),e-/bi-,mo,,mo,ø,cl7/cl8,Gender-4,nom,
promise,promesse,ngánga (ø-/mə-),ø-/më-,ngang-a,,ngang-,a,cl9/cl6,Gender-7,nom,
Launching ceremony,cérémonie de lancement,kúli (e-/bi-),e-/bi-,kul-i,,kul-,i,cl7/cl8,Gender-4,nom,
visionary,visionnaire,bobód (m̀-/bə-),m-/bë-,bo-bod,bo,-bod,ø,cl1/cl2,Gender-1,nom,
seer,voyant,gəngám (ǹ-/bə-),n-/bë-,gë-ngam,gë,-ngam,ø,cl1/cl2,Gender-1,nom,
opinion,opinion,yen (a-/mə-),a-/më-,yen,,yen,ø,cl5/cl6,Gender-3,nom,
esplanade,esplanade,yéné (a-/mə-),a-/më-,yen-e,,yen-,e,cl5/cl6,Gender-3,nom,
dream,rêve,yə́yə̄m (e-/bi-),e-/bi-,yë-yëm,yë,-yëm,ø,cl7/cl8,Gender-4,nom,
Hallusination,hallusination,simba (e-/bi-),e-/bi-,simb-a,,simb-,a,cl7/cl8,Gender-4,nom,
vision,vision,léndán (ǹ-/min-),n-/min-,lend-an,,lend-,an,cl3/cl4,Gender-2,nom,
expert,expert,kǎ (ø-/ø-),ø-/ø-,ka,,ka,ø,cl9/cl10,Gender-5,nom,
viscera,viscère,súngá (ǹ-/min-),n-/min-,sung-a,,sung-,a,cl3/cl4,Gender-2,nom,
intestine,intestin,ya (ǹ-/min-),n-/min-,ya,,ya,ø,cl3/cl4,Gender-2,nom,
alchemy,alchimie,vú (e-/bi-),e-/bi-,vu,,vu,ø,cl7/cl8,Gender-4,nom,
sorcerer,mage,vúvú (ǹ-/min-),n-/min-,vu-vu,,-vu-,vu,cl3/cl4,Gender-2,nom,
virus,virus,kəm (ǹ-/min-),n-/min-,këm,,këm,ø,cl3/cl4,Gender-2,nom,
poison,poison,sul (ǹ-/min-),n-/min-,sul,,sul,ø,cl3/cl4,Gender-2,nom,
microbe,microbe,ngə́ngə́mə (o-/a-),o-/a-,ngë-ngëm-ë,ngë,-ngëm-,ë,cl11/cl5,Gender-8,nom,
virility,virilité,fám (a-/a-),a-/a-,fam,,fam,ø,cl5/cl5,Gender-3f,nom,
virginity,virginité,ndún (e-/bi-),e-/bi-,ndun,,ndun,ø,cl7/cl8,Gender-4,nom,
emasculation,émasculation,túd (a-/mə-),a-/më-,tud,,tud,ø,cl5/cl6,Gender-3,nom,
bastardization,abâtardissement,bíbín (m̀-/min-),m-/min-,bi-bin,bi,-bin,ø,cl3/cl4,Gender-2,nom,
twirls,virevolte,kilan (e-/bi-),e-/bi-,kil-an,,kil-,an,cl7/cl8,Gender-4,nom,
turn,virage,kɔd (a-/mə-),a-/më-,kod,,kod,ø,cl5/cl6,Gender-3,nom,
fold,pli,nyiga (e-/bi-),e-/bi-,nyig-a,,nyig-,a,cl7/cl8,Gender-4,nom,
tooth,dent,soǹ (a-/mə-),a-/më-,son,,son,ø,cl5/cl6,Gender-3,nom,
viper,vipère,kpə (a-/mə-),a-/më-,kpë,,kpë,ø,cl5/cl6,Gender-3,nom,
clumsy,maladroit,báyág (e-/bi-),e-/bi-,bayag,,bayag,ø,cl7/cl8,Gender-4,nom,
hyperactive,hyperactif,yəyág (e-/bi-),e-/bi-,yë-yag,yë,-yag,ø,cl7/cl8,Gender-4,nom,
eagerness,empressement,bumulan (bi-/bi-),bi-/bi-,bum-ul-an,,bum-,ul-an,cl8/cl8,Gender-4b,nom,
violent,violent,lénde (ǹ-/min-),n-/min-,lend-e,,lend-,e,cl3/cl4,Gender-2,nom,
violence,violence,lénde (e-/bi-),e-/bi-,lend-e,,lend-,e,cl7/cl8,Gender-4,nom,
violation,violation,dudun (e-/bi-),e-/bi-,du-dun,du,-dun,ø,cl7/cl8,Gender-4,nom,
raffia wine,vin de raphia,kɔ (a-/mə-),a-/më-,ko,,ko,ø,cl5/cl6,Gender-3,nom,
red wine,vin rouge,wɔn (ø-/ø-),ø-/ø-,won,,won,ø,cl9/cl10,Gender-5,nom,
Baa chard wine,vin de baes blettes,mvág (e-/bi-),e-/bi-,mvag,,mvag,ø,cl7/cl8,Gender-4,nom,
Heady wine,vin capiteux,lám (bi-/bi-),bi-/bi-,lam,,lam,ø,cl8/cl8,Gender-4b,nom,
vinegar,vinaigre,kpɛ sana (e-/e-),e-/e-,kpe san-a,,-kpe-san-,a,cl7/cl7,Gender-4a,nom,
drink,boisson,nyú (mə-/mə-),më-/më-,nyu,,nyu,ø,cl6/cl6,Gender-5,nom,
holiday,villégiature,mvan (ø-/ø-),ø-/ø-,mvan,,mvan,ø,cl9/cl10,Gender-5,nom,
agglomeration,agglomération,dzədzalá (e-/bi-),e-/bi-,dzë-dzal-a,dzë,-dzal-,a,cl7/cl8,Gender-4,nom,
peasant,paysan,atɔbɔ ǹnama (ø-/ø-),ø-/ø-,atobo nnam-a,,atobo nnam-,a,cl9/cl10,Gender-5,nom,
suburb,banlieue,baǹ (a-/mə-),a-/më-,ban,,ban,ø,cl5/cl6,Gender-3,nom,
succession,succession,líg (e-/bi-),e-/bi-,lig,,lig,ø,cl7/cl8,Gender-4,nom,
residence,demeure,tan (a-/a-),a-/a-,tan,,tan,ø,cl5/cl5,Gender-3f,nom,
village,village,ǎl (dz-/m-),dz-/m-,al,,al,ø,cl5a/cl6a,Gender-3b,nom,
residence,résidence,tɔbɔgɔ (e-/bi-),e-/bi-,tob-og-o,,tob-,og-o,cl7/cl8,Gender-4,nom,
crankshaft,vilebrequin,túbulu (e-/bi-),e-/bi-,tub-ul-u,,tub-,ul-u,cl7/cl8,Gender-4,nom,
pliers,pince,fɔɔlɔgɔ (e-/bi-),e-/bi-,fool-og-o,,fool-,og-o,cl7/cl8,Gender-4,nom,
shame,honte,sáma (o-/o-),o-/o-,sam-a,,sam-,a,cl11/cl11,Gender-8b,nom,
dirt,saleté,mvid (ø-/ø-),ø-/ø-,mvid,,mvid,ø,cl9/cl10,Gender-5,nom,
vileness,vilenie,zɔ́g (a-/mə-),a-/më-,zòg,,zòg,ø,cl5/cl6,Gender-3,nom,
vile,vil,byag (o-/a-),o-/a-,byag,,byag,ø,cl11/cl5,Gender-8,nom,
Sound in wind and limb,vigoureux,komodo (e-/bi-),e-/bi-,kom-od-o,,kom-,od-o,cl7/cl8,Gender-4,nom,
hardness,dureté,lɛd (a-/mə-),a-/më-,led,,led,ø,cl5/cl6,Gender-3,nom,
vignette,vignette,ngie (ø-/ø-),ø-/ø-,ngie,,ngie,ø,cl9/cl10,Gender-5,nom,
vigil,vigile,baala (m̀-/bə-),m-/bë-,baal-a,,baal-,a,cl1/cl2,Gender-1,nom,
alert,vigilant,tə́tə̄té (ø-/ø-),ø-/ø-,të-tëte,të,-ëte-,të,cl9/cl10,Gender-5,nom,
vigilance,vigilance,kálá (o-/o-),o-/o-,kal-a,,kal-,a,cl11/cl11,Gender-8b,nom,
Vivid (very),vif (très),yógos (e-/bi-),e-/bi-,yogos,,yogos,ø,cl7/cl8,Gender-4,nom,
alive,vivant,vəvəə (ø-/bə-),ø-/bë-,vë-vë-ë,vë,-vë-,ë,cl9/cl2,Gender-6,nom,
Good mood,Bonne humeur,sós (e-/e-),e-/e-,sos,,sos,ø,cl7/cl7,Gender-4a,nom,
old garment,vieux vêtement,bódo (a-/mə-),a-/më-,bod-o,,bod-,o,cl5/cl6,Gender-3,nom,
Old clothes,vieux habits,kulubá (ø-/bə-),ø-/bë-,kul-ub-a,,kul-,ub-a,cl9/cl2,Gender-6,nom,
Old Lonely Gorilla,vieux gorille solitaire,bód (e-/bi-),e-/bi-,bod,,bod,ø,cl7/cl8,Gender-4,nom,
old and worn,vieux et usé,təgədé (e-/bi-),e-/bi-,tëg-ëd-e,,tëg-,ëd-e,cl7/cl8,Gender-4,nom,
old and small,vieux et petit,ngɔ́ngɔ́d (o-/a-),o-/a-,ngò-ngòd,ngò,-ngod,ø,cl11/cl5,Gender-8,nom,
old and poorly made,vieux et mal fait,lamanda (e-/bi-),e-/bi-,lam-and-a,,lam-,and-a,cl7/cl8,Gender-4,nom,
old,ancien,mvəndé (ø-/ø-),ø-/ø-,mvënd-e,,mvënd-,e,cl9/cl10,Gender-5,nom,
archaic,archaïque,mvindí (ø-/ø-),ø-/ø-,mvind-i,,mvind-,i,cl9/cl10,Gender-5,nom,
secular,séculaire,ban (e-/bi-),e-/bi-,ban,,ban,ø,cl7/cl8,Gender-4,nom,
dilapidated,vétuste,tug (e-/bi-),e-/bi-,tug,,tug,ø,cl7/cl8,Gender-4,nom,
old,vieux,nǒm (ǹ-/min-),n-/min-,nom,,nom,ø,cl3/cl4,Gender-2,nom,
obsolete,caduc,tíg (ǹ-/min-),n-/min-,tig,,tig,ø,cl3/cl4,Gender-2,nom,
Elder,aîne,tól (ǹ-/min-),n-/min-,tol,,tol,ø,cl3/cl4,Gender-2,nom,
obsolete,désuet,yǒm (o-/a-),o-/a-,yom,,yom,ø,cl11/cl5,Gender-8,nom,
aging,vieillissement,yǒm (a-/a-),a-/a-,yom,,yom,ø,cl5/cl5,Gender-3f,nom,
decline,décliner,lúmbu (a-/mə-),a-/më-,lumb-u,,lumb-,u,cl5/cl6,Gender-3,nom,
decline,déclin,lúmbu (mə-/mə-),më-/më-,lum-b-u,,lum-,b-u,cl6/cl6,Gender-5,nom,
expired,périmé,adógá (ø-/ø-),ø-/ø-,adog-a,,adog-,a,cl9/cl10,Gender-5,nom,
nudity,nudité,sɔ́ (ǹ-/min-),n-/min-,sò,,sò,ø,cl3/cl4,Gender-2,nom,
machete,machette,fa (ø-/mə-),ø-/më-,fa,,fa,ø,cl9/cl6,Gender-7,nom,
Old wife,vieille épouse,kōmbá (e-/bi-),e-/bi-,komb-a,,komb-,a,cl7/cl8,Gender-4,nom,
dam fishing,pêche au barrage,lóg (a-/a-),a-/a-,log,,log,ø,cl5/cl5,Gender-3f,nom,
waste,gâchis,fugulu (e-/bi-),e-/bi-,fug-ul-u,,fug-,ul-u,cl7/cl8,Gender-4,nom,
slush,gadoue,təg (e-/bi-),e-/bi-,tëg,,tëg,ø,cl7/cl8,Gender-4,nom,
chaos,gabegie,ndáman (e-/bi-),e-/bi-,ndam-an,,ndam-,an,cl7/cl8,Gender-4,nom,
contrary,contraire,sələná (ǹ-/min-),n-/min-,sël-ën-a,,-sële,a,cl3/cl4,Gender-2,nom,
vice versa,vice versa,dǔ (ǹ-/min-),n-/min-,du,,du,ø,cl3/cl4,Gender-2,nom,
variance,varience,fɔl (e-/bi-),e-/bi-,fol,,fol,ø,cl7/cl8,Gender-4,nom,
substitute,substitut,fɔl ɔgɔ (e-/bi-),e-/bi-,fol -og-o,,fol-,og-o,cl7/cl8,Gender-4,nom,
vice,vice,nyɔd (e-/bi-),e-/bi-,nyod,,nyod,ø,cl7/cl8,Gender-4,nom,
libido,libido,sog (bi-/bi-),bi-/bi-,sog,,sog,ø,cl8/cl8,Gender-4b,nom,
excitement,excitation,boe (e-/e-),e-/e-,boe,,boe,ø,cl7/cl7,Gender-4a,nom,
absurdity,absurdité,zogó (ø-/ø-),ø-/ø-,zog-o,,zog-,o,cl9/cl10,Gender-5,nom,
victim,victime,búdan (ǹ-/min-),n-/min-,bud-an,,bud-,an,cl3/cl4,Gender-2,nom,
holocaust,holocauste,tútún (ǹ-/min-),n-/min-,tu-tun,tu,-tun,ø,cl3/cl4,Gender-2,nom,
victory,victoire,daǹ (mə-/mə-),më-/më-,dan,,dan,ø,cl6/cl6,Gender-5,nom,
protest,contestation,sǒ (bi-/bi-),bi-/bi-,so,,so,ø,cl8/cl8,Gender-4b,nom,
domination,domination,dɔ (bi-/bi-),bi-/bi-,dò,,dò,ø,cl8/cl8,Gender-4b,nom,
paragraph,paragraphe,fyá (e-/bi-),e-/bi-,fya,,fya,ø,cl7/cl8,Gender-4,nom,
victorious,victorieux,zingí (ø-/ø-),ø-/ø-,zing-i,,zing-,i,cl9/cl10,Gender-5,nom,
provisions,victuailles,kamba (e-/e-),e-/e-,kamb-a,,kamb-,a,cl7/cl7,Gender-4a,nom,
ejaculation,éjaculation,víé (mə-/mə-),më-/më-,vie,,vie,ø,cl6/cl6,Gender-5,nom,
unloading,déchargement,sugán (ǹ-/min-),n-/min-,sug-an,,sug-,an,cl3/cl4,Gender-2,nom,
stripping,dépotage,sui (o-/o-),o-/o-,sui,,sui,ø,cl11/cl11,Gender-8b,nom,
void,nulité,zəzə (ø-/ø-),ø-/ø-,zëzë,,zëzë,ø,cl9/cl10,Gender-5,nom,
empty,vide,kpəkpá (e-/bi-),e-/bi-,kpëkp-a,,kpëkpë-,a,cl7/cl8,Gender-4,nom,
useless,futile,kpəgədé (e-/bi-),e-/bi-,kpëg-ëd-e,,kpëg-,ëd-e,cl7/cl8,Gender-4,nom,
harmless,anodin,sələǹ (ø-/ø-),ø-/ø-,sëlën,,sëlën,ø,cl9/cl10,Gender-5,nom,
derision,dérision,kpələ (e-/bi-),e-/bi-,kpël-ë,,kpël-,ë,cl7/cl8,Gender-4,nom,
paltry,dérisoire,vovolan (e-/bi-),e-/bi-,vo-vol-an,vo,-vo-lan,ø,cl7/cl8,Gender-4,nom,
trite,banal,vovolan (e-/bi-),e-/bi-,vo-vol-an,vo,-vol-an-,ø,cl7/cl8,Gender-4,nom,
tiny,infime,sá (o-/a-),o-/a-,sa,,sa,ø,cl11/cl5,Gender-8,nom,
glossy,lustré,bɔɔs (m̀-/min-),m-/min-,bòòs,,bòòs,ø,cl3/cl4,Gender-2,nom,
loss of dentitioon,perte de dentitioon,lalí (a-/a-),a-/a-,lal-i,,lal-,i,cl5/cl5,Gender-3f,nom,
vacant,vacant,vwé (e-/bi-),e-/bi-,vwe,,vwe,ø,cl7/cl8,Gender-4,nom,
devoid,dépourvu,dəǹə́lé (ǹ-/min-),n-/min-,dën-ël-e,,dën-,ël-e,cl3/cl4,Gender-2,nom,
revolting,infect,zɔg (a-/mə-),a-/më-,zog,,zog,ø,cl5/cl6,Gender-3,nom,
repugt,répugt,kúndi (e-/bi-),e-/bi-,kund-i,,kund-,i,cl7/cl8,Gender-4,nom,
infamous,infâme,labada (e-/bi-),e-/bi-,lab-ad-a,,lab-,ad-a,cl7/cl8,Gender-4,nom,
rot,pourriture,bɔl (e-/bi-),e-/bi-,bol,,bol,ø,cl7/cl8,Gender-4,nom,
vibrator,vibromasseur,báb (m̀-/min-),m-/min-,bab,,bab,ø,cl3/cl4,Gender-2,nom,
moustache,moustache,və́m (m̀-/min-),m-/min-,vëm,,vëm,ø,cl3/cl4,Gender-2,nom,
tuft,touffe,bub (a-/a-),a-/a-,bub,,bub,ø,cl5/cl5,Gender-3f,nom,
vibration,vibration,tigidan (e-/bi-),e-/bi-,tig-id-an,,tig-,id-an,cl7/cl8,Gender-4,nom,
game,gibier,vyáŋ (o-/o-),o-/o-,vyaṅ,,vyaṅ,ø,cl11/cl11,Gender-8b,nom,
fresh flesh,chair fraîche,kaŋkaŋ (ø-/ø-),ø-/ø-,kaṅ-kaṅ,kaṅ,-kaṅ,ø,cl9/cl10,Gender-5,nom,
animal,animal,tsíd (ø-/ø-),ø-/ø-,tsid,,tsid,ø,cl9/cl10,Gender-5,nom,
muscle,muscle,son (ǹ-/min-),n-/min-,son,,son,ø,cl3/cl4,Gender-2,nom,
bridge,pont,kanga (e-/bi-),e-/bi-,kang-a,,kang-,a,cl7/cl8,Gender-4,nom,
widowhood,veuvage,kús (a-/a-),a-/a-,kus,,kus,ø,cl5/cl5,Gender-3f,nom,
deceit,fourberie,kɔní (ø-/ø-),ø-/ø-,kon-i,,kon-,i,cl9/cl10,Gender-5,nom,
cowardice,veulerie,dzədzab (o-/a-),o-/a-,dzë-dzab,dzë,-dzab,ø,cl11/cl5,Gender-8,nom,
Immoral,immorale,vɔdɔ (e-/bi-),e-/bi-,vod-o,,vod-,o,cl7/cl8,Gender-4,nom,
idiot,idiot,bus (e-/bi-),e-/bi-,bus,,bus,ø,cl7/cl8,Gender-4,nom,
veto,veto,salá (a-/a-),a-/a-,sal-a,,sal-,a,cl5/cl5,Gender-3f,nom,
maniac,maniaque,lɔg (o-/o-),o-/o-,log,,log,ø,cl11/cl11,Gender-8b,nom,
quibbler,chicaneur,kad (ǹ-/min-),n-/min-,kad,,kad,ø,cl3/cl4,Gender-2,nom,
vetillard,vétillard,fɔ́n (mə-/mə-),më-/më-,fòn,,fòn,ø,cl6/cl6,Gender-5,nom,
resistance veteran,vétéran de la résistance,avɔdɔ (ø-/ø-),ø-/ø-,avod-o,,avod-,o,cl9/cl10,Gender-5,nom,
second-hand clothing,vêtement d'occasion,abódo (ø-/ø-),ø-/ø-,abod-o,,abod-,o,cl9/cl10,Gender-5,nom,
bladder,vessie,nyɔlɔg (e-/bi-),e-/bi-,nyol-og,,nyol-,og,cl7/cl8,Gender-4,nom,
fart,vesse,sul (ǹ-/min-),n-/min-,sul,,sul,ø,cl3/cl4,Gender-2,nom,
flatulence,flatuosité,sul (ǹ-/min-),n-/min-,sul,,sul,ø,cl3/cl4,Gender-2,nom,
fart,pet,sul (ǹ-/min-),n-/min-,sul,,sul,ø,cl3/cl4,Gender-2,nom,
sugar cane,canne à sucre,kóg (ǹ-/min-),n-/min-,kog,,kog,ø,cl3/cl4,Gender-2,nom,
gall bladder,vésicule biliaire,zoŋ (ø-/ø-),ø-/ø-,zoṅ,,zoṅ,ø,cl9/cl10,Gender-5,nom,
vesicle,vésicule,tób (ǹ-/min-),n-/min-,tob,,tob,ø,cl3/cl4,Gender-2,nom,
beak,bec,sɔŋ (ǹ-/min-),n-/min-,sòṅ,,sòṅ,ø,cl3/cl4,Gender-2,nom,
verve,verve,kəgəde (o-/a-),o-/a-,këg-ëd-e,,këg-,ëd-e,cl11/cl5,Gender-8,nom,
virtuous,vertueux,sǐm (a-/a-),a-/a-,sim,,sim,ø,cl5/cl5,Gender-3f,nom,
virtue,vertu,súmu (ǹ-/min-),n-/min-,sum-u,,sum-,u,cl3/cl4,Gender-2,nom,
vertiginous,vertigineux,séd (e-/bi-),e-/bi-,sed,,sed,ø,cl7/cl8,Gender-4,nom,
breathlessness,essoufflement,dúdû (e-/bi-),e-/bi-,du-du,du,-du,ø,cl7/cl8,Gender-4,nom,
dizziness,vertige,kǐki (ø-/ø-),ø-/ø-,kiki,,kiki,ø,cl9/cl10,Gender-5,nom,
vertically,verticalement,ndɔ́lɔ́m (ø-/ø-),ø-/ø-,ndòlòm,,ndòlòm,ø,cl9/cl10,Gender-5,nom,
vertical,vertical,tə́tə̄lə́ (ø-/ø-),ø-/ø-,të-tël-ë,të,-tëlë-,ë,cl9/cl10,Gender-5,nom,
fragile,fragile,kɛs (e-/e-),e-/e-,kès,,kès,ø,cl7/cl7,Gender-4a,nom,
creature,créature,kokomodo (e-/bi-),e-/bi-,ko-kom-od-o,ko,-kom-,od-o,cl7/cl8,Gender-4,nom,
version,version,kalán (a-/mə-),a-/më-,kal-an,,kal-,an,cl5/cl6,Gender-3,nom,
variant,variante,lé (a-/mə-),a-/më-,le,,le,ø,cl5/cl6,Gender-3,nom,
piece,morceau,fus (e-/bi-),e-/bi-,fus,,fus,ø,cl7/cl8,Gender-4,nom,
payment,versement,soe (e-/bi-),e-/bi-,soe,,soe,ø,cl7/cl8,Gender-4,nom,
balance,solde,soe (mə-/mə-),më-/më-,soe,,soe,ø,cl6/cl6,Gender-5,nom,
side,versant,lúmbu (mə-/mə-),më-/më-,lumb-u,,lumb-,u,cl6/cl6,Gender-5,nom,
slope,déclivité,bígílí (m̀-/min-),m-/min-,big-il-i,,big-,il-i,cl3/cl4,Gender-2,nom,
hill,colline,kǒl (ǹ-/min-),n-/min-,kol,,kol,ø,cl3/cl4,Gender-2,nom,
caterpillar,chenille,ngákūm (e-/bi-),e-/bi-,ngakum,,ngakum,ø,cl7/cl8,Gender-4,nom,
Beetle larvae,larves de coléoptères,kūm (a-/mə-),a-/më-,kum,,kum,ø,cl5/cl6,Gender-3,nom,
negligible,négligeable,dɔd (ǹ-/min-),n-/min-,dod,,dod,ø,cl3/cl4,Gender-2,nom,
angle,angle,búg (a-/mə-),a-/më-,bug,,bug,ø,cl5/cl6,Gender-3,nom,
extremity,extremité,kúg (a-/mə-),a-/më-,kug,,kug,ø,cl5/cl6,Gender-3,nom,
wart,verrue,lə́g (a-/mə-),a-/më-,lëg,,lëg,ø,cl5/cl6,Gender-3,nom,
locking,verrouillage,fɛd (e-/bi-),e-/bi-,fed,,fed,ø,cl7/cl8,Gender-4,nom,
closing,clotûre,dibí (mə-/mə-),më-/më-,dib-i,,dib-,i,cl6/cl6,Gender-5,nom,
lock,fermoire,fɛdəga (e-/bi-),e-/bi-,fed-ëg-a,,fed-,ëg-a,cl7/cl8,Gender-4,nom,
lockout,verrou,ngoŋ (a-/mə-),a-/më-,ngoṅ,,ngoṅ,ø,cl5/cl6,Gender-3,nom,
glass,vitre,yéd (e-/bi-),e-/bi-,yed,,yed,ø,cl7/cl8,Gender-4,nom,
crystal glass,verre en cristal,lá (e-/bi-),e-/bi-,la,,la,ø,cl7/cl8,Gender-4,nom,
tumbler,gobelet,nyûga (e-/bi-),e-/bi-,nyug-a,,nyug-,a,cl7/cl8,Gender-4,nom,
mirror,mirroir,yén (e-/bi-),e-/bi-,yen,,yen,ø,cl7/cl8,Gender-4,nom,
vernonia,vernonie,téd (a-/mə-),a-/më-,ted,,ted,ø,cl5/cl6,Gender-3,nom,
syphilis,syphilis,kɔɔdɔ (ø-/ø-),ø-/ø-,kood-o,,kood-,o,cl9/cl10,Gender-5,nom,
pox,vérole,kuda (ø-/ø-),ø-/ø-,kud-a,,kud-,a,cl9/cl10,Gender-5,nom,
varnisher,vernisseur,kɔ́n (ǹ-/min-),n-/min-,kòn,,kòn,ø,cl3/cl4,Gender-2,nom,
plaster,crépissage,fénán (m̀-/min-),m-/min-,fen-an,,fen-,an,cl3/cl4,Gender-2,nom,
nail varnish,vernis à ongles,lə́le (ø-/ø-),ø-/ø-,lël-e,,lël-,e,cl9/cl10,Gender-5,nom,
bitterness,amertume,yol (a-/a-),a-/a-,yol,,yol,ø,cl5/cl5,Gender-3f,nom,
vermin,vermine,suma (bi-/bi-),bi-/bi-,sum-a,,sum-,a,cl8/cl8,Gender-4b,nom,
certainty,certitude,kéd (e-/e-),e-/e-,ked,,ked,ø,cl7/cl7,Gender-4a,nom,
conviction,conviction,bə́lə́ (a-/a-),a-/a-,bël-ë,,bël-,ë,cl5/cl5,Gender-3f,nom,
dogma,dogme,yə́bə́ (ǹ-/min-),n-/min-,yëb-ë,,yëb-,ë,cl3/cl4,Gender-2,nom,
TRUE,véritable,nyiá (ø-/ø-),ø-/ø-,nyia,,nyia,ø,cl9/cl10,Gender-5,nom,
lever,levier,béde (e-/bi-),e-/bi-,bed-e,,bed-e,e,cl7/cl8,Gender-4,nom,
widow or widower,veuf ou veuve,kús (ǹ-/min-),n-/min-,kus,,kus,ø,cl3/cl4,Gender-2,nom,
monitoring,surveillance,fə́b (e-/bi-),e-/bi-,fëb,,fëb,ø,cl7/cl8,Gender-4,nom,
control,contrôle,fyal (e-/bi-),e-/bi-,fyal,,fyal,ø,cl7/cl8,Gender-4,nom,
auditor,vérificateur,bigili (m̀-/min-),m-/min-,big-il-i,,big-,il-i,cl3/cl4,Gender-2,nom,
plantation,plantation,fúb (a-/mə-),a-/më-,fub,,fub,ø,cl5/cl6,Gender-3,nom,
stick,bâton,ngə́ŋ (e-/bi-),e-/bi-,ngëṅ,,ngëṅ,ø,cl7/cl8,Gender-4,nom,
crooked,véreux,ngád (bi-/bi-),bi-/bi-,ngad,,ngad,ø,cl8/cl8,Gender-4b,nom,
grass,herbe,lɔ́g (e-/bi-),e-/bi-,lòg,,lòg,ø,cl7/cl8,Gender-4,nom,
lawn,gazon,bud (o-/o-),o-/o-,bud,,bud,ø,cl11/cl11,Gender-8b,nom,
ruling,jugement,tól (ǹ-/min-),n-/min-,tol,,tol,ø,cl3/cl4,Gender-2,nom,
verbose,bavard,dzóle (ǹ-/bə-),n-/bë-,dzol-e,,dzol-,e,cl1/cl2,Gender-1,nom,
verb,verbe,búg (e-/bi-),e-/bi-,bug,,bug,ø,cl7/cl8,Gender-4,nom,
porch,véranda,sas (a-/mə-),a-/më-,sas,,sas,ø,cl5/cl6,Gender-3,nom,
nortal remains,dépouille mortelle,bim (m̀-/min-),m-/min-,bim,,bim,ø,cl3/cl4,Gender-2,nom,
skinning,dépouillement,bə́bán (a-/a-),a-/a-,bëb-an,,bëb-,an,cl5/cl5,Gender-3f,nom,
looting,pillage,sa (o-/o-),o-/o-,sa,,sa,ø,cl11/cl11,Gender-8b,nom,
grabbing,accaparement,wole (o-/o-),o-/o-,wol-e,,wol-,e,cl11/cl11,Gender-8b,nom,
dusting,dépoussiérage,fími (e-/bi-),e-/bi-,fim-i,,fim-,i,cl7/cl8,Gender-4,nom,
rejection,rejet,sas (o-/o-),o-/o-,sas,,sas,ø,cl11/cl11,Gender-8b,nom,
depradation,dépradation,wúŋulu (ǹ-/min-),n-/min-,wuṅ-ul-u,,wuṅ-,ul-u,cl3/cl4,Gender-2,nom,
depreciating,dépréciateur,byandi (m̀-/bə-),m-/bë-,byandi,,byandi,ø,cl1/cl2,Gender-1,nom,
detractor,détracteur,dzaa (ǹ-/bə-),n-/bë-,dza-a,,dza-,a,cl1/cl2,Gender-1,nom,
denigrating,dénigreur,sáma (ǹ-/bə-),n-/bë-,sam-a,,sam-,a,cl1/cl2,Gender-1,nom,
pejorative,dépréciatif,dzaa (e-/bi-),e-/bi-,dza-a,,dza-,a,cl7/cl8,Gender-4,nom,
depressive,dépressif,bá (e-/bi-),e-/bi-,ba,,ba,ø,cl7/cl8,Gender-4,nom,
amorphous,amorphe,təgəbə (e-/bi-),e-/bi-,tëg-ëb-ë,,tëg-,ëb-ë,cl7/cl8,Gender-4,nom,
depression,dépression,ndoŋ (ø-/ø-),ø-/ø-,ndoṅ,,ndoṅ,ø,cl9/cl10,Gender-5,nom,
depression,dépression,bá (e-/bi-),e-/bi-,ba,,ba,ø,cl7/cl8,Gender-4,nom,
anger,colère,lún (o-/o-),o-/o-,lun,,lun,ø,cl11/cl11,Gender-8b,nom,
lassitude,lassitude,sɔ́m (ø-/ø-),ø-/ø-,sòm,,sòm,ø,cl9/cl10,Gender-5,nom,
depresses,déprime,təgəbə (e-/bi-),e-/bi-,tëgëb-ë,,tëgëb-,ë,cl7/cl8,Gender-4,nom,
jack,cric,əg (dz-/by-),dz-/by-,ëg,,ëg,ø,cl5a/cl8a,Gender-4a,nom,
weakness,faiblesse,təg (a-/a-),a-/a-,tëg,,tëg,ø,cl5/cl5,Gender-3f,nom,
depresses,déprime,dzɔbɔ (mə-/mə-),më-/më-,dzòb-ò,,dzòb-,ò,cl6/cl6,Gender-5,nom,
modesty,Pudeur,wu dís (e-/e-),e-/e-,wu dis,,wu dis,ø,cl7/cl7,Gender-4a,nom,
demoralisation,démoralisation,tía (e-/bi-),e-/bi-,tia,,tia,ø,cl7/cl8,Gender-4,nom,
waist,taille,tíé (ǹ-/min-),n-/min-,tie,,tie,ø,cl3/cl4,Gender-2,nom,
pomgage,pomgage,fómán (m̀-/min-),m-/min-,fom-an,,fom-,an,cl3/cl4,Gender-2,nom,
depuration,dépuration,bindi (e-/bi-),e-/bi-,bind-i,,bind-,i,cl7/cl8,Gender-4,nom,
deputy,député,bín (m̀-/bə-),m-/bë-,bin,,bin,ø,cl1/cl2,Gender-1,nom,
delegate,délégué,vənge (e-/bi-),e-/bi-,vëng-e,,vëng-,e,cl7/cl8,Gender-4,nom,
commissionaire,commissionnaire,lóm (ǹ-/bə-),n-/bë-,lom,,lom,ø,cl1/cl2,Gender-1,nom,
uprooting,déracinement,fumán (m̀-/min-),m-/min-,fum-an,,fum-,an,cl3/cl4,Gender-2,nom,
stump removal,déssouchage,tyán (ǹ-/min-),n-/min-,ty-an,,tye-,an,cl3/cl4,Gender-2,nom,
crop,recolte,fumi (o-/o-),o-/o-,fum-i,,fum-,i,cl11/cl11,Gender-8b,nom,
derailment,déraillement,kúbi (mə-/mə-),më-/më-,kub-i,,kub-,i,cl6/cl6,Gender-5,nom,
disturbance,dérangement,ndəgələ (e-/bi-),e-/bi-,ndëg-ël-ë,,ndëg-,ël-ë,cl7/cl8,Gender-4,nom,
dermatitis,dermite,tsod (ø-/ø-),ø-/ø-,tsod,,tsod,ø,cl9/cl10,Gender-5,nom,
Last breath,dernier soupir,dzəgan (mə-/mə-),më-/më-,dzëg-an,,dzëg-,an,cl6/cl6,Gender-5,nom,
farewell,adieux,ân (m-/m-),m-/m-,an,,an,ø,cl6a/cl6a,Gender-3j,nom,
last-born,dernier-né,lígī mvúa (mə-/mə-),më-/më-,ligi mvua,,ligi mvua,ø,cl6/cl6,Gender-5,nom,
boring,ennuyeux,nyɔdi (e-/bi-),e-/bi-,nyòd-i,,nyòd-,i,cl7/cl8,Gender-4,nom,
retail,détail,lángá (mə-/mə-),më-/më-,lang-a,,lang-,a,cl6/cl6,Gender-5,nom,
seller,vendeur,kuan (ǹ-/bə-),n-/bë-,ku-an,,ku-,an,cl1/cl2,Gender-1,nom,
accessories,accessoires,nyənyag (bi-/bi-),bi-/bi-,nyëny-ag,,nyëny-,ag,cl8/cl8,Gender-4b,nom,
trifles,broutilles,sábágá (bi-/bi-),bi-/bi-,sab-ag-a,,sab-,ag-a,cl8/cl8,Gender-4b,nom,
to unpack,détaller,bánga (bi-/bi-),bi-/bi-,bang-a,,bang-,a,cl8/cl8,Gender-4b,nom,
detaxation,détaxation,dzu (e-/e-),e-/e-,dzu,,dzu,ø,cl7/cl7,Gender-4a,nom,
forgiveness,pardon,dzuán (ǹ-/min-),n-/min-,dzu-an,,dzu-,an,cl3/cl4,Gender-2,nom,
detective,détective,dzə́ŋ (ǹ-/bə-),n-/bë-,dzëṅ,,dzëṅ,ø,cl1/cl2,Gender-1,nom,
appease,apaisement,vúvoe (e-/e-),e-/e-,vu-voe,vu,-voe,ø,cl7/cl7,Gender-4a,nom,
imprisonment,imprisonment,fɛdán (m̀-/min-),m-/min-,fèd-an,,fèd-,an,cl3/cl4,Gender-2,nom,
detention,detention,bog (m̀-/min-),m-/min-,bog,,bog,ø,cl3/cl4,Gender-2,nom,
inmate,inmate,bog (m̀-/min-),m-/min-,bog,,bog,ø,cl3/cl4,Gender-2,nom,
laundry,laundry,sob (o-/o-),o-/o-,sob,,sob,ø,cl11/cl11,Gender-8b,nom,
detergent,detergent,sobo (o-/o-),o-/o-,sob-o,,sob-,o,cl11/cl11,Gender-8b,nom,
firmness,firmness,ngós (ø-/ø-),ø-/ø-,ngos,,ngos,ø,cl9/cl10,Gender-5,nom,
determination,determination,váǹ (o-/o-),o-/o-,van,,van,ø,cl11/cl11,Gender-8b,nom,
unearthing,unearthing,vui (e-/bi-),e-/bi-,vui,,vui,ø,cl7/cl8,Gender-4,nom,
immersion,immersion,duán (ǹ-/min-),n-/min-,du-an,,du-,an,cl3/cl4,Gender-2,nom,
detonation,détonation,mvám (ø-/ø-),ø-/ø-,mvam,,mvam,ø,cl9/cl10,Gender-5,nom,
diversions,détour,kokɔdɔ (ø-/ø-),ø-/ø-,ko-kod-o,ko,-kod-,o,cl9/cl10,Gender-5,nom,
shortcut,raccourci,kɔdán (a-/mə-),a-/më-,kod-an,,kod-,an,cl5/cl6,Gender-3,nom,
hook,crochet,kilan (e-/bi-),e-/bi-,kil-an,,kil-,an,cl7/cl8,Gender-4,nom,
deviation,déviation,kɔdán (ǹ-/min-),n-/min-,kod-an,,kod-,an,cl3/cl4,Gender-2,nom,
bias,biais,nyiga (e-/bi-),e-/bi-,nyig-a,,nyig-,a,cl7/cl8,Gender-4,nom,
digression,digression,tig (mə-/mə-),më-/më-,tig,,tig,ø,cl6/cl6,Gender-5,nom,
detours,détours,və́ngé (mə-/mə-),më-/më-,vën-ge,,vën-,gë,cl6/cl6,Gender-5,nom,
slander,calomnie,fɔ́b (m̀-/min-),m-/min-,fòb,,fòb,ø,cl3/cl4,Gender-2,nom,
slanderer,médisant,víni (m̀-/bə-),m-/bë-,vin-i,,vin-,i,cl1/cl2,Gender-1,nom,
disparaging,dénigreur,dzaa (ǹ-/bə-),n-/bë-,dza-a,,dza-,a,cl1/cl2,Gender-1,nom,
critic,critique,dzo (ǹ-/bə-),n-/bë-,dzo,,dzo,ø,cl1/cl2,Gender-1,nom,
whistleblower,dénonciateur,búg (m̀-/bə-),m-/bë-,bug,,bug,ø,cl1/cl2,Gender-1,nom,
insolent,insolent,byandi (m̀-/bə-),m-/bë-,byandi,,byandi,ø,cl1/cl2,Gender-1,nom,
brazen,effronté,sáma (ǹ-/bə-),n-/bë-,sam-a,,sam-,a,cl1/cl2,Gender-1,nom,
defamer,diffamateur,sɔg (ǹ-/bə-),n-/bë-,sòg,,sòg,ø,cl1/cl2,Gender-1,nom,
slander,médisance,sɔ̌g (ǹ-/min-),n-/min-,sòg,,sòg,ø,cl3/cl4,Gender-2,nom,
deranged,détraqué,fufúlán (m̀-/min-),m-/min-,fu-ful-an,fu,-ful-,an,cl3/cl4,Gender-2,nom,
unbalanced,déséquilibré,kúkud (o-/o-),o-/o-,ku-kud,ku,-kud,ø,cl11/cl11,Gender-8b,nom,
trouble,embrouilles,dzɔbɔdán (ǹ-/min-),n-/min-,dzob-od-an,,dzòb-,od-an,cl3/cl4,Gender-2,nom,
rubbish,détritus,kpad (ø-/ø-),ø-/ø-,kpad,,kpad,ø,cl9/cl10,Gender-5,nom,
strait,détroit,bál (m-/min-),m-/min-,bal,,bal,ø,cl3/cl4,Gender-2,nom,
distress,détresse,tutulí (ø-/ø-),ø-/ø-,tu-tul-i,tu,-tul-,i,cl9/cl10,Gender-5,nom,
misery,misère,súbúg (ø-/ø-),ø-/ø-,sub-ug,,sub-,ug,cl9/cl10,Gender-5,nom,
devaluation,dévalorisation,zɔ́g (a-/mə-),a-/më-,zòg,,zòg,ø,cl5/cl6,Gender-3,nom,
devaluation,dévaluation,sə́ŋ (mə-/mə-),më-/më-,sëṅ,,sëṅ,ø,cl6/cl6,Gender-5,nom,
storefront,devanture,taŋan (e-/bi-),e-/bi-,taṅ-an,,taṅ-,an,cl7/cl8,Gender-4,nom,
growth,accroissement,lóŋ (e-/bi-),e-/bi-,loṅ,,loṅ,ø,cl7/cl8,Gender-4,nom,
advancement,avancement,lugán (ǹ-/min-),n-/min-,lug-an,,lug-,an,cl3/cl4,Gender-2,nom,
growth,croissance,buguban (mə-/mə-),më-/më-,bug-ub-an,,bug-,ub-an,cl6/cl6,Gender-5,nom,
evolution,évolution,foe (mə-/mə-),më-/më-,foe,,foe,ø,cl6/cl6,Gender-5,nom,
progress,progrès,yíé (mə-/mə-),më-/më-,yie,,yie,ø,cl6/cl6,Gender-5,nom,
libertine,libertin,sosóg (ǹ-/min-),n-/min-,so-sog,so,-sog,ø,cl3/cl4,Gender-2,nom,
libertine,libertine,sila (e-/bi-),e-/bi-,sil-a,,sil-,a,cl7/cl8,Gender-4,nom,
unlocking,déverrouillage,yáá (ǹ-/min-),n-/min-,ya-a,,ya-,a,cl3/cl4,Gender-2,nom,
discharge,décharge,kúbán (ǹ-/min-),n-/min-,kub-an,,kub-,an,cl3/cl4,Gender-2,nom,
overturned,renversé,soán (ǹ-/min-),n-/min-,so-an,,so-,an,cl3/cl4,Gender-2,nom,
emptying,vidange,soe (e-/bi-),e-/bi-,so-e,,so-,e,cl7/cl8,Gender-4,nom,
spraying,pulvérisation,lɔ́g (mə-/mə-),më-/më-,lòg,,lòg,ø,cl6/cl6,Gender-5,nom,
dump,dépotoir,kúbán (ǹ-/min-),n-/min-,kub-an,,kub-,an,cl3/cl4,Gender-2,nom,
dump,vidoir,soán (ǹ-/min-),n-/min-,so-an,,so-,an,cl3/cl4,Gender-2,nom,
landfill,décharge,soé (ǹ-/min-),n-/min-,so-e,,so-,e,cl3/cl4,Gender-2,nom,
spill in profusion,déversement à profusion,dabada (e-/bi-),e-/bi-,dab-ad-a,,dab-,ad-a,cl7/cl8,Gender-4,nom,
large spill,déversement abondant,dabada (ǹ-/min-),n-/min-,dab-ad-a,,dab-,ad-a,cl3/cl4,Gender-2,nom,
spill of a liquid,déversement d'un liquide,soe (e-/bi-),e-/bi-,soe,,soe,ø,cl7/cl8,Gender-4,nom,
nudity,nudité,sɔ (ǹ-/min-),n-/min-,so,,so,ø,cl3/cl4,Gender-2,nom,
deviant,déviant,tútúá (e-/bi-),e-/bi-,tutu-a,,tutu-,a,cl7/cl8,Gender-4,nom,
deviation,déviation,kɔ́dán (a-/mə-),a-/më-,kòd-an,,kòd-,an,cl5/cl6,Gender-3,nom,
warp,gauchissement,báí (a-/mə-),a-/më-,ba-i,,ba-,i,cl5/cl6,Gender-3,nom,
distortion,distorsion,sáálá (a-/mə-),a-/më-,saal-a,,saal-,a,cl5/cl6,Gender-3,nom,
alteration,altération,və́ngé (a-/mə-),a-/më-,vëng-e,,vëng-,e,cl5/cl6,Gender-3,nom,
shift,décalage,víé (a-/mə-),a-/më-,vie,,vie,ø,cl5/cl6,Gender-3,nom,
diffraction,diffraction,yálá (a-/mə-),a-/më-,yal-a,,yal-,a,cl5/cl6,Gender-3,nom,
turning,tourt,nyiga (e-/bi-),e-/bi-,nyig-a,,nyig-,a,cl7/cl8,Gender-4,nom,
hook,crochet,sâla (e-/bi-),e-/bi-,sal-a,,sal-,a,cl7/cl8,Gender-4,nom,
bias,biais,və́ngé (e-/bi-),e-/bi-,vëng-e,,vëng-,e,cl7/cl8,Gender-4,nom,
rib,nervure,víé (e-/bi-),e-/bi-,vi-e,,vi-,e,cl7/cl8,Gender-4,nom,
contour,contour,və́ngé (mə-/mə-),më-/më-,vëng-e,,vëng-,e,cl6/cl6,Gender-5,nom,
meander,méandre,báán (m̀-/min-),m-/min-,ba-an,,ba-,an,cl3/cl4,Gender-2,nom,
trimming,passement,sálán (ǹ-/min-),n-/min-,sal-an,,sal-,an,cl3/cl4,Gender-2,nom,
track,voie,yə́gán (ǹ-/min-),n-/min-,yëg-an,,yëg-,an,cl3/cl4,Gender-2,nom,
unwinding,dévidage,damán (ǹ-/min-),n-/min-,dam-an,,dam-,an,cl3/cl4,Gender-2,nom,
astonishing,étonnement,yə́gán (ǹ-/min-),n-/min-,yëg-an,,yëg-,an,cl3/cl4,Gender-2,nom,
diviner,devin,ngám (ø-/ø-),ø-/ø-,ngam,,ngam,ø,cl9/cl10,Gender-5,nom,
oracle,oracle,big (m̀-/min-),m-/min-,big,,big,ø,cl3/cl4,Gender-2,nom,
astrologer,astrologue,bobód (m̀-/min-),m-/min-,bo-bod,bo,-bod,ø,cl3/cl4,Gender-2,nom,
prophet,prophète,bwéē ngám (m̀-/min-),m-/min-,bwee ngam,,bwee ngam,ø,cl3/cl4,Gender-2,nom,
sorcerer,sorcier,gəngám (ǹ-/min-),n-/min-,gë-ngam,gë,-ngam,ø,cl3/cl4,Gender-2,nom,
magician,magicien,gəngáŋ (ǹ-/min-),n-/min-,gë-ngaṅ,gë,-ngan,ø,cl3/cl4,Gender-2,nom,
magician,mage,kag (ǹ-/min-),n-/min-,kag,,kag,ø,cl3/cl4,Gender-2,nom,
riddle,enigme,solá (e-/bi-),e-/bi-,sol-a,,sol-,a,cl7/cl8,Gender-4,nom,
tale,conte,kaná (ǹ-/min-),n-/min-,kan-a,,kan-,a,cl3/cl4,Gender-2,nom,
indecipherable riddle,devinette indéchiffrable,nómo (ǹ-/min-),n-/min-,nom-o,,nom-,o,cl3/cl4,Gender-2,nom,
estimate,estimation,sə́mé (ǹ-/min-),n-/min-,sëm-e,,sëm-,e,cl3/cl4,Gender-2,nom,
stared,dévisagé,sóán (ǹ-/min-),n-/min-,so-an,,so-,an,cl3/cl4,Gender-2,nom,
ø-/ø-,formule,ndán (ø-/ø-),ø-/ø-,ndan,,ndan,ø,cl9/cl10,Gender-5,nom,
eulogy,éloge,tamán (a-/mə-),a-/më-,tam-an,,tam-,an,cl5/cl6,Gender-3,nom,
unscrewable,dévissage,sɔdi (e-/bi-),e-/bi-,sod-i,,sod-,i,cl7/cl8,Gender-4,nom,
respite,répit,tii (e-/bi-),e-/bi-,ti-i,,ti-,i,cl7/cl8,Gender-4,nom,
slackening,relâchement,suli (a-/mə-),a-/më-,sul-i,,sul-,i,cl5/cl6,Gender-3,nom,
loosening,desserrement,sɔ́dán (ǹ-/min-),n-/min-,sòd-an,,sòd-,an,cl3/cl4,Gender-2,nom,
disintegration,désagrégation,ndáman (e-/bi-),e-/bi-,ndam-an,,ndam-,an,cl7/cl8,Gender-4,nom,
dislocation,dislocation,nyuŋulu (e-/bi-),e-/bi-,nyuṅ-ul-u,,nyuṅ-,ul-u,cl7/cl8,Gender-4,nom,
fragmentation,morcellement,səŋ (e-/bi-),e-/bi-,sëṅ,,sëṅ,ø,cl7/cl8,Gender-4,nom,
crumbling,effritement,tyé (e-/bi-),e-/bi-,tye,,tye,ø,cl7/cl8,Gender-4,nom,
impurity,impureté,vɔlan (e-/bi-),e-/bi-,vòl-an,,vòl-,an,cl7/cl8,Gender-4,nom,
decadence,décadence,lubi (ǹ-/min-),n-/min-,lub-i,,lub-,i,cl3/cl4,Gender-2,nom,
dissemination,dissémination,nyuŋ (ǹ-/min-),n-/min-,nyuṅ,,nyuṅ,ø,cl3/cl4,Gender-2,nom,
erosion,érosion,síb (ǹ-/min-),n-/min-,sib,,sib,ø,cl3/cl4,Gender-2,nom,
dismantling,démantèlement,tsamán (ǹ-/min-),n-/min-,tsam-an,,tsam-,an,cl3/cl4,Gender-2,nom,
flow,débit,tyán (ǹ-/min-),n-/min-,ty-an,,ty-,an,cl3/cl4,Gender-2,nom,
corrosion,corrosion,wode (ǹ-/min-),n-/min-,wod-e,,wod-,e,cl3/cl4,Gender-2,nom,
nibbling,grignotage,wode (o-/a-),o-/a-,wod-e,,wod-,e,cl11/cl5,Gender-8,nom,
disintegrated,désagrégé,boán (m̀-/min-),m-/min-,bo-an,,bo-,an,cl3/cl4,Gender-2,nom,
unpleasant,désagrément,ńtəgəlán (ø-/ø-),ø-/ø-,ntëg-ël-an,,ntëg-,ël-an,cl9/cl10,Gender-5,nom,
hubbub,brouhaha,sobóló (a-/mə-),a-/më-,sob-ol-o,,sob-,ol-o,cl5/cl6,Gender-3,nom,
commotion,émoi,ndəgələ (e-/bi-),e-/bi-,ndëg-ël-ë,,ndëg-,ël-ë,cl7/cl8,Gender-4,nom,
hassle,tracas,nyɔdi (e-/bi-),e-/bi-,nyod-i,,nyod-,i,cl7/cl8,Gender-4,nom,
discomfort,inconfort,wé (e-/bi-),e-/bi-,we,,we,ø,cl7/cl8,Gender-4,nom,
nuisance,nuisance,dzǔg (ǹ-/min-),n-/min-,dzug,,dzug,ø,cl3/cl4,Gender-2,nom,
annoyance,embêtement,wɔb (ǹ-/min-),n-/min-,wob,,wob,ø,cl3/cl4,Gender-2,nom,
snag,anicroche,lâ (o-/a-),o-/a-,la,,la,ø,cl11/cl5,Gender-8,nom,
inconvenience,désagrément,dəgəlán (ǹ-/min-),n-/min-,dëg-ël-an,,dëg-,ël-an,cl3/cl4,Gender-2,nom,
chagin,chagin,bóm (o-/a-),o-/a-,bom,,bom,ø,cl11/cl5,Gender-8,nom,
disalienation,désaliénation,soe (e-/bi-),e-/bi-,soe,,soe,ø,cl7/cl8,Gender-4,nom,
quenching,désaltérant,kon (e-/bi-),e-/bi-,kon,,kon,ø,cl7/cl8,Gender-4,nom,
disappointed,désappointé,wɔb (ǹ-/min-),n-/min-,wob,,wob,ø,cl3/cl4,Gender-2,nom,
disillusioned,désabusé,məməgə (o-/a-),o-/a-,më-mëg-ë,më,-mëg-,ë,cl11/cl5,Gender-8,nom,
disappointment,désappointement,kəm (e-/bi-),e-/bi-,këm,,këm,ø,cl7/cl8,Gender-4,nom,
frustration,déconvenue,tía (e-/bi-),e-/bi-,tia,,tia,ø,cl7/cl8,Gender-4,nom,
disillusion,désillusion,vadan (a-/mə-),a-/më-,vad-an,,vad-,an,cl5/cl6,Gender-3,nom,
frustration,dépit,wɔ́b (ǹ-/min-),n-/min-,wòb,,wòb,ø,cl3/cl4,Gender-2,nom,
disappointment,désappointement,bóm (o-/a-),o-/a-,bom,,bom,ø,cl11/cl5,Gender-8,nom,
disapprover,désapprobateur,kin (ǹ-/min-),n-/min-,kin,,kin,ø,cl3/cl4,Gender-2,nom,
improver,improbateur,síe (ǹ-/min-),n-/min-,sie,,sie,ø,cl3/cl4,Gender-2,nom,
disapproving,réprobateur,dzo (ǹ-/min-),n-/min-,dzo,,dzo,ø,cl3/cl4,Gender-2,nom,
disapproval,désapprobation,mvám (ø-/ø-),ø-/ø-,mvam,,mvam,ø,cl9/cl10,Gender-5,nom,
rejection,rejet,kiní (a-/a-),a-/a-,kin-i,,kin-,i,cl5/cl5,Gender-3f,nom,
blame,blâme,síán (ǹ-/min-),n-/min-,si-an,,si-,an,cl3/cl4,Gender-2,nom,
rejection,refus,kin (o-/a-),o-/a-,kin,,kin,ø,cl11/cl5,Gender-8,nom,
contestation,contestation,dzaa (e-/bi-),e-/bi-,dza-a,,dza-,a,cl7/cl8,Gender-4,nom,
dissent,dissension,kpa (e-/bi-),e-/bi-,kpa,,kpa,ø,cl7/cl8,Gender-4,nom,
disapproved,désapprouvé,síán (ǹ-/min-),n-/min-,si-an,,si-,an,cl3/cl4,Gender-2,nom,
bewildered,désarçonné,lalá (ø-/ø-),ø-/ø-,lala,,lala,ø,cl9/cl10,Gender-5,nom,
disarming,désarmant,ngɔ́l (ø-/ø-),ø-/ø-,ngòl,,ngòl,ø,cl9/cl10,Gender-5,nom,
unstowing,désarrimage,tyé (e-/bi-),e-/bi-,tye,,tye,ø,cl7/cl8,Gender-4,nom,
ripage,ripage,etii (ø-/ø-),ø-/ø-,eti-i,,eti-,i,cl9/cl10,Gender-5,nom,
rigging,ripement,tyán (ǹ-/min-),n-/min-,ty-an,,tye-,an,cl3/cl4,Gender-2,nom,
fright,effroi,wɔ̌ŋ (ø-/ø-),ø-/ø-,wòṅ,,wòṅ,ø,cl9/cl10,Gender-5,nom,
dismay,désarroi,kiligiki (ø-/ø-),ø-/ø-,kilig-ik-i,,kilig-,ik-i,cl9/cl10,Gender-5,nom,
anxiety,inquiétude,lalágá (ø-/ø-),ø-/ø-,la-lag-a,la,-lag-,a,cl9/cl10,Gender-5,nom,
fright,frayeur,təgələtəbə (ø-/ø-),ø-/ø-,tëg-ël-ë-tëb-ë,,tëg-,ël-ë-tëb-ë,cl9/cl10,Gender-5,nom,
anguish,affres,yəbəgá (e-/bi-),e-/bi-,yëb-ëg-a,,yëb-,ëg-a,cl7/cl8,Gender-4,nom,
anxiety,anxiété,vadan (a-/mə-),a-/më-,vad-an,,vad-,an,cl5/cl6,Gender-3,nom,
cold pricklies,angoisse,səsáŋán (ǹ-/min-),n-/min-,së-saṅ-an,së,-san-,an,cl3/cl4,Gender-2,nom,
disarray,désarroi,lún (o-/o-),o-/o-,lun,,lun,ø,cl11/cl11,Gender-8b,nom,
disarticulation,désarticulation,fóŋōná (m̀-/min-),m-/min-,foṅ-on-a,,-fon,on-a,cl3/cl4,Gender-2,nom,
disjunction,disjonction,fóŋán (m̀-/min-),m-/min-,foṅ-an,,foṅ-,an,cl3/cl4,Gender-2,nom,
blistering,boursuflure,mvímili (ø-/ø-),ø-/ø-,mvim-il-i,,mvim-,il-i,cl9/cl10,Gender-5,nom,
disarticulated,désarticulé,fóǹán (m̀-/min-),m-/min-,fon-an,,fon-,an,cl3/cl4,Gender-2,nom,
disassembling,désassemblage,kándí (a-/mə-),a-/më-,kand-i,,kand-,i,cl5/cl6,Gender-3,nom,
disassort,désassortiment,sɔ́dán (ǹ-/min-),n-/min-,sòd-an,,sòd-,an,cl3/cl4,Gender-2,nom,
disaster,désastre,badəlɔ́g (ø-/ø-),ø-/ø-,badëlòg,,badëlòg,ø,cl9/cl10,Gender-5,nom,
discomfiture,déconfiture,mkpa kəmə (ø-/ø-),ø-/ø-,mkpa këmë,,mkpa këmë,ø,cl9/cl10,Gender-5,nom,
calamity,calamité,malá (a-/mə-),a-/më-,mal-a,,mal-,a,cl5/cl6,Gender-3,nom,
cataclysm,cataclysme,nyamá (a-/mə-),a-/më-,nyam-a,,nyam-,a,cl5/cl6,Gender-3,nom,
catastrophe,catastrophe,bubua (e-/bi-),e-/bi-,bu-bua,bu,-bua,ø,cl7/cl8,Gender-4,nom,
disastrous,désastreux,bé (a-/mə-),a-/më-,be,,be,ø,cl5/cl6,Gender-3,nom,
misfortune,infortune,mvənde (ø-/ø-),ø-/ø-,mvënd-e,,mvënd-,e,cl9/cl10,Gender-5,nom,
deplorable,déplorable,ángōndó (ø-/ø-),ø-/ø-,angond-o,,angond-,o,cl9/cl10,Gender-5,nom,
damage,dommage,kǒkɔbɔlɔ (ø-/ø-),ø-/ø-,ko-kob-ol-o,ko,-kob-,ol-o,cl9/cl10,Gender-5,nom,
detriment,détriment,sobóló (a-/mə-),a-/më-,sob-ol-o,,sob-,ol-o,cl5/cl6,Gender-3,nom,
prejudice,préjudice,wɔ́b (ǹ-/min-),n-/min-,wòb,,wòb,ø,cl3/cl4,Gender-2,nom,
disadvantage,désavantage,bóm (o-/a-),o-/a-,bom,,bom,ø,cl11/cl5,Gender-8,nom,
outrage,outrager,kin (ø-/ø-),ø-/ø-,kin,,kin,ø,cl9/cl10,Gender-5,nom,
disadvantageous,désavantageux,bóm (o-/a-),o-/a-,bom,,bom,ø,cl11/cl5,Gender-8,nom,
disavow,désaveu,síé (a-/mə-),a-/më-,sie,,sie,ø,cl5/cl6,Gender-3,nom,
accusation,accusation,sólán (a-/mə-),a-/më-,sol-an,,sol-,an,cl5/cl6,Gender-3,nom,
criticism,critique,tǒd (e-/bi-),e-/bi-,tod,,tod,ø,cl7/cl8,Gender-4,nom,
denunciation,délation,síán (ǹ-/min-),n-/min-,si-an,,si-,an,cl3/cl4,Gender-2,nom,
defamation,diffamation,vɛs (o-/a-),o-/a-,vès,,vès,ø,cl11/cl5,Gender-8,nom,
reproach,reproche,sóó (a-/mə-),a-/më-,soo,,soo,ø,cl5/cl6,Gender-3,nom,
grievance,grief,dɔli (e-/bi-),e-/bi-,dòl-i,,dòl-,i,cl7/cl8,Gender-4,nom,
reprimand,reprimande,báŋán (m̀-/min-),m-/min-,baṅ-an,,baṅ-,an,cl3/cl4,Gender-2,nom,
disavowed,désavoeu,ndod (ø-/ø-),ø-/ø-,ndod,,ndod,ø,cl9/cl10,Gender-5,nom,
disavowed,désavoué,tǒd (bi-/bi-),bi-/bi-,tod,,tod,ø,cl8/cl8,Gender-4b,nom,
disavowal,reniement,sasán (ǹ-/min-),n-/min-,sa-san,sa,-san,ø,cl3/cl4,Gender-2,nom,
refutation,refutation,yə́gan (a-/mə-),a-/më-,yëgan,,yëgan,ø,cl5/cl6,Gender-3,nom,
misaligned,désaxé,fufúlán (m̀-/min-),m-/min-,fu-ful-an,fu,-fulu-,an,cl3/cl4,Gender-2,nom,
deranged,détraqué,tsə́tsá (ǹ-/min-),n-/min-,tsë-tsa,tsë,-tsa,ø,cl3/cl4,Gender-2,nom,
unbalanced,déséquilibré,kúkud (o-/o-),o-/o-,ku-kud,ku,-kud,ø,cl11/cl11,Gender-8b,nom,
descendants,descendance,mvóg (ø-/ø-),ø-/ø-,mvog,,mvog,ø,cl9/cl10,Gender-5,nom,
posterity,postérité,mvɔŋ (ø-/mə-),ø-/më-,mvòṅ,,mvòṅ,ø,cl9/cl6,Gender-7,nom,
seed,semence,nda bod (ø-/mə-),ø-/më-,nda bod,,nda bod,ø,cl9/cl6,Gender-7,nom,
lineage,lignée,ngonga (ø-/ø-),ø-/ø-,ngong-a,,ngong,a,cl9/cl10,Gender-5,nom,
filiation,filiation,vúman (a-/a-),a-/a-,vum-an,,vum-,an,cl5/cl5,Gender-3f,nom,
generation,génération,yom (a-/a-),a-/a-,yom,,yom,ø,cl5/cl5,Gender-3f,nom,
origin,origine,byal (e-/e-),e-/e-,byal,,byal,ø,cl7/cl7,Gender-4a,nom,
extraction,extraction,fâla (e-/bi-),e-/bi-,fal-a,,fal-,a,cl7/cl8,Gender-4,nom,
race,race,kas (ǹ-/min-),n-/min-,kas,,kas,ø,cl3/cl4,Gender-2,nom,
parentage,parenté,vúvúmán (e-/bi-),e-/bi-,vu-vum-an,vu,-vum-,an,cl7/cl8,Gender-4,nom,
descendant of,descendant de,ǎn (m-/m-),m-/m-,an,,an,ø,cl6a/cl6a,Gender-3j,nom,
descended (to be),descendu (être),sigán (ǹ-/min-),n-/min-,sig-an,,sig-,an,cl3/cl4,Gender-2,nom,
descender,descenseur,suuga (e-/bi-),e-/bi-,suug-a,,suug-,a,cl7/cl8,Gender-4,nom,
avalanche,avalanche,kpatólo (ø-/ø-),ø-/ø-,kpatolo,,kpatolo,ø,cl9/cl10,Gender-5,nom,
slope,pente,lúmbú (a-/mə-),a-/më-,lumb-u,,lumb-,u,cl5/cl6,Gender-3,nom,
declivity,déclivité,suí (a-/mə-),a-/më-,sui,,sui,ø,cl5/cl6,Gender-3,nom,
vertical drop,dénivellation,susú (a-/mə-),a-/më-,sus-u,,sus-,u,cl5/cl6,Gender-3,nom,
vertical drop,dénivellée,suzú (a-/mə-),a-/më-,suz-u,,suz-,u,cl5/cl6,Gender-3,nom,
tumble,dévaler,wɔ́ndí (a-/mə-),a-/më-,wònd-i,,wònd-,i,cl5/cl6,Gender-3,nom,
tumble,dégringolade,kúkua (e-/bi-),e-/bi-,ku-kua,ku,-kua,ø,cl7/cl8,Gender-4,nom,
subsidence,affaissement,sui (e-/bi-),e-/bi-,su-i,,su-,i,cl7/cl8,Gender-4,nom,
collapse,effondrement,sus (e-/bi-),e-/bi-,su-s,,su-,s,cl7/cl8,Gender-4,nom,
collapse,écroulement,dzədə́g (mə-/mə-),më-/më-,dzëdëg,,dzëdëg,ø,cl6/cl6,Gender-5,nom,
scree,éboulis,lúmbu (mə-/mə-),më-/më-,lum-b-u,,lum-,b-u,cl6/cl6,Gender-5,nom,
slide,glissement,sende (mə-/mə-),më-/më-,sen-de,,sen-,de,cl6/cl6,Gender-5,nom,
descent,descente,sigi (mə-/mə-),më-/më-,sig-i,,sig-,i,cl6/cl6,Gender-5,nom,
descent,descente,sus (mə-/mə-),më-/më-,sus,,sus,ø,cl6/cl6,Gender-5,nom,
slope,pente,lúmbu (ǹ-/min-),n-/min-,lumb-u,,lumb-,u,cl3/cl4,Gender-2,nom,
incursion,incursion,sigán (ǹ-/min-),n-/min-,sig-an,,sig-,an,cl3/cl4,Gender-2,nom,
ingression,ingression,sui (ǹ-/min-),n-/min-,su-i,,su-,i,cl3/cl4,Gender-2,nom,
drop,baisse,suzán (ǹ-/min-),n-/min-,suz-an,,suz-,an,cl3/cl4,Gender-2,nom,
roundup,rafle,wɔ́ndán (ǹ-/min-),n-/min-,wòn-d-an,,wòn-,d-an,cl3/cl4,Gender-2,nom,
descent of bed,descente de lit,tidi məkǒl (e-/bi-),e-/bi-,tidi mëkol,,tidi mëkol,ø,cl7/cl8,Gender-4,nom,
police control,contrôle de police,fyal (e-/bi-),e-/bi-,fyal,,fyal,ø,cl7/cl8,Gender-4,nom,
steep slope,pente raide,sende (ǹ-/min-),n-/min-,sen-de,,sen-,de,cl3/cl4,Gender-2,nom,
descriptor,descripteur,tili (ǹ-/min-),n-/min-,til-i,,til-,i,cl3/cl4,Gender-2,nom,
descriptor,descriptible,tiliban (ø-/ø-),ø-/ø-,til-i-b-an,,til-,i-b-an,cl9/cl10,Gender-5,nom,
descriptor,descriptif,tilí (a-/mə-),a-/më-,til-i,,til-,i,cl5/cl6,Gender-3,nom,
registration,inscription,tilán (ǹ-/min-),n-/min-,til-an,,til-,an,cl3/cl4,Gender-2,nom,
description,description,ndɔ́ŋ (ø-/mə-),ø-/më-,ndòṅ,,ndòṅ,ø,cl9/cl6,Gender-7,nom,
portrait,portrait,tilí (a-/mə-),a-/më-,til-i,,til-,i,cl5/cl6,Gender-3,nom,
representation,représentation,tíe (e-/bi-),e-/bi-,tie,,tie,ø,cl7/cl8,Gender-4,nom,
helpless,désemparé,dzaŋan (ǹ-/min-),n-/min-,dzaṅ-an,,dzaṅ-,an,cl3/cl4,Gender-2,nom,
helpless,impotent,ndom (e-/bi-),e-/bi-,ndom,,ndom,ø,cl7/cl8,Gender-4,nom,
incapable,incapable,ləməle (ø-/ø-),ø-/ø-,lëm-ël-e,,lëm-,ël-e,cl9/cl10,Gender-5,nom,
disorientation,désorientation,talaba (ø-/ø-),ø-/ø-,tal-ab-a,,tal-,ab-a,cl9/cl10,Gender-5,nom,
disenchantment,désenvoûtement,mvabi (ø-/ø-),ø-/ø-,mvab-i,,mvab-,i,cl9/cl10,Gender-5,nom,
desert,désert,fud (ø-/ø-),ø-/ø-,fud,,fud,ø,cl9/cl10,Gender-5,nom,
deserted,déserté,fun (e-/bi-),e-/bi-,fun,,fun,ø,cl7/cl8,Gender-4,nom,
despair,désespoir,yəbəga (bi-/bi-),bi-/bi-,yëbë-ga,,yëbë-,ga,cl8/cl8,Gender-4b,nom,
drought,sécheresse,kód (ǹ-/min-),n-/min-,kod,,kod,ø,cl3/cl4,Gender-2,nom,
deserted,déserté,won (o-/o-),o-/o-,won,,won,ø,cl11/cl11,Gender-8b,nom,
deserted,déserté,líg (e-/bi-),e-/bi-,lig,,lig,ø,cl7/cl8,Gender-4,nom,
unoccupied,inoccupé,wú (e-/bi-),e-/bi-,wu,,wu,ø,cl7/cl8,Gender-4,nom,
deserter,déserteur,bámáŋ (m̀-/min-),m-/min-,bam-aṅ,,bam-,an,cl3/cl4,Gender-2,nom,
desert,désert,kódo (ǹ-/min-),n-/min-,kod-o,,kod-,o,cl3/cl4,Gender-2,nom,
desertion,désertion,lígi (mə-/mə-),më-/më-,lig-i,,lig-,i,cl6/cl6,Gender-5,nom,
defector,transfuge,bámaǹ (m̀-/min-),m-/min-,bam-an,,bam-,an,cl3/cl4,Gender-2,nom,
renunciation,renoncement,bámi (m̀-/min-),m-/min-,bam-i,,bam-,i,cl3/cl4,Gender-2,nom,
abandonment,abandon,lígán (ǹ-/min-),n-/min-,lig-an,,lig-,an,cl3/cl4,Gender-2,nom,
withdrawal,désistement,túbán (ǹ-/min-),n-/min-,tub-an,,tub-,an,cl3/cl4,Gender-2,nom,
battle,bataille,ndǔm (ø-/ø-),ø-/ø-,ndum,,ndum,ø,cl9/cl10,Gender-5,nom,
dispute,dispute,zuǹa (ø-/ø-),ø-/ø-,zun-a,,zuṅ-,a,cl9/cl10,Gender-5,nom,
battle,bataille,badán (a-/mə-),a-/më-,bad-an,,bad-,an,cl5/cl6,Gender-3,nom,
war,guerre,tá (bi-/bi-),bi-/bi-,ta,,ta,ø,cl8/cl8,Gender-4b,nom,
conflict,conflit,kukum (e-/bi-),e-/bi-,ku-kum,ku,-kum,ø,cl7/cl8,Gender-4,nom,
combat,combat,lúman (mə-/mə-),më-/më-,lum-an,,lum-,an,cl6/cl6,Gender-5,nom,
duel,duel,siǹ (mə-/mə-),më-/më-,sin,,sin,ø,cl6/cl6,Gender-5,nom,
brawl,rixe,yídan (mə-/mə-),më-/më-,yid-an,,yid,an,cl6/cl6,Gender-5,nom,
skirmish,échauffourée,siŋán (ǹ-/min-),n-/min-,siṅ-an,,siṅ-,an,cl3/cl4,Gender-2,nom,
confrontation,affrontement,yídán (ǹ-/min-),n-/min-,yid-an,,yid-,an,cl3/cl4,Gender-2,nom,
brawler,batailleur,ləlag (bi-/bi-),bi-/bi-,lë-lag,lë,-lag,ø,cl8/cl8,Gender-4b,nom,
hostility,hostilité,laŋ (e-/bi-),e-/bi-,laṅ,,laṅ,ø,cl7/cl8,Gender-4,nom,
offensive,offensive,ləlaǹ (ǹ-/min-),n-/min-,lë-lan,lë,-lan,ø,cl3/cl4,Gender-2,nom,
scuffle,bagarre,lúman (ǹ-/min-),n-/min-,lum-an,,lum-,an,cl3/cl4,Gender-2,nom,
quarrel,querelle,wóman (ǹ-/min-),n-/min-,wom-an,,wom-,an,cl3/cl4,Gender-2,nom,
army,armée,yóyɔ́g (ǹ-/min-),n-/min-,yo-yòg,yo,-yog,ø,cl3/cl4,Gender-2,nom,
battalion,bataillon,zimbi (bə-/bə-),bë-/bë-,zimb-i,,zimbi-,i,cl2/cl2,Gender-1b,nom,
horde,horde,fufɔǹ (e-/bi-),e-/bi-,fu-fon,fu,-fon,ø,cl7/cl8,Gender-4,nom,
host,kyrielle,títíb (e-/bi-),e-/bi-,ti-tib,ti,-tib,ø,cl7/cl8,Gender-4,nom,
legion,légion,kunda (ǹ-/min-),n-/min-,kund-a,,kund-,a,cl3/cl4,Gender-2,nom,
multitude,pléiade,sɔl (ǹ-/min-),n-/min-,sol,,sol,ø,cl3/cl4,Gender-2,nom,
bastard,bâtard,tsalí (ø-/ø-),ø-/ø-,tsal-i,,tsal-,i,cl9/cl10,Gender-5,nom,
steamboat,bateau à vapeur,zitíma (ø-/ø-),ø-/ø-,zitim-a,,zitim-,a,cl9/cl10,Gender-5,nom,
building,bâtiment,loǹ (mə-/mə-),më-/më-,lon,,lon,ø,cl6/cl6,Gender-5,nom,
builder,bâtisseur,máwad (ø-/bə-),ø-/bë-,mawad,,mawad,ø,cl9/cl2,Gender-6,nom,
founder,fondateur,bonde (m̀-/bə-),m-/bë-,bond-e,,bond-,e,cl1/cl2,Gender-1,nom,
constructor,constructeur,loǹ (ǹ-/bə-),n-/bë-,lon,,lon,ø,cl1/cl2,Gender-1,nom,
stick,bâton,wɔsətíg (ø-/ø-),ø-/ø-,wosëtig,,wosëtig,ø,cl9/cl10,Gender-5,nom,
rod,verge,ngəǹ (e-/bi-),e-/bi-,ngën,,ngën,ø,cl7/cl8,Gender-4,nom,
whip,cravache,fés (m̀-/min-),m-/min-,fes,,fes,ø,cl3/cl4,Gender-2,nom,
cane,canne,túm (ǹ-/min-),n-/min-,tum,,tum,ø,cl3/cl4,Gender-2,nom,
wand,baguette,lé (o-/a-),o-/a-,le,,le,ø,cl11/cl5,Gender-8,nom,
battery,batterie,kínda (ø-/ø-),ø-/ø-,kind-a,,kind-,a,cl9/cl10,Gender-5,nom,
arsenal,arsenal,ndǔm (ø-/ø-),ø-/ø-,ndum,,ndum,ø,cl9/cl10,Gender-5,nom,
palette,palette,ngɔg (ø-/ø-),ø-/ø-,ngog,,ngog,ø,cl9/cl10,Gender-5,nom,
blows,coups,yídán (ǹ-/min-),n-/min-,yid-an,,yid-,an,cl3/cl4,Gender-2,nom,
stick,bâtonnet,fés (m̀-/min-),m-/min-,fes,,fes,ø,cl3/cl4,Gender-2,nom,
magic wand,bâtonnet magique,kos (ǹ-/min-),n-/min-,kos,,kos,ø,cl3/cl4,Gender-2,nom,
toad,crapeau,bəba (ø-/ø-),ø-/ø-,bëb-a,,bëb-,a,cl9/cl10,Gender-5,nom,
amphibian,batracien,bəb (a-/mə-),a-/më-,bëb-,,bëb,ø,cl5/cl6,Gender-3,nom,
threshing,battage,bəgəle (o-/o-),o-/o-,bëg-ël-e,,bëg-,ël-e,cl11/cl11,Gender-8b,nom,
racket,tapage,koe (o-/o-),o-/o-,koe,,koe,ø,cl11/cl11,Gender-8b,nom,
pounding,pillonage,wumi (o-/o-),o-/o-,wum-i,,wum-,i,cl11/cl11,Gender-8b,nom,
striker,battant,wólo (e-/bi-),e-/bi-,wol-o,,wol-,o,cl7/cl8,Gender-4,nom,
insolent,insolent,fúan (e-/bi-),e-/bi-,fu-an,,fua-,an,cl7/cl8,Gender-4,nom,
aggressive,agressif,loga (ǹ-/min-),n-/min-,log-a,,log-,a,cl3/cl4,Gender-2,nom,
provocative,provocateur,log (ǹ-/min-),n-/min-,log,,log,ø,cl3/cl4,Gender-2,nom,
hateful,haineux,siŋ (ǹ-/bə-),n-/bë-,siṅ,,siṅ,ø,cl1/cl2,Gender-1,nom,
trouble,tracas,yəb (o-/o-),o-/o-,yëb,,yëb,ø,cl11/cl11,Gender-8b,nom,
bat,batte,ngəǹ (e-/bi-),e-/bi-,ngën,,ngën,ø,cl7/cl8,Gender-4,nom,
beat,battement,mvomoǹa (ø-/ø-),ø-/ø-,mvom-on-a,,mvom-,on-a,cl9/cl10,Gender-5,nom,
drummer,batteur,bom (m̀-/bə-),m-/bë-,bom,,bom,ø,cl1/cl2,Gender-1,nom,
hitter,frappeur,bomolo (m̀-/bə-),m-/bë-,bom-ol-o,,bom-,ol-o,cl1/cl2,Gender-1,nom,
castanet,castagnette,dagaba (ǹ-/min-),n-/min-,dag-ab-a,,dag-,ab-a,cl3/cl4,Gender-2,nom,
percussionist,percissionniste,kud (ǹ-/min-),n-/min-,kud,,kud,ø,cl3/cl4,Gender-2,nom,
collision,heurt,babalan (m̀-/min-),m-/min-,ba-bal-an,,ba-,bal-an,cl3/cl4,Gender-2,nom,
wingbeat,battement d'ailes (en parlant d'un gros oiseau),bubulán (m̀-/min-),m-/min-,bu-bul-an,bul,-bul-,an,cl3/cl4,Gender-2,nom,
clapping,battement de mains,tsoe (ø-/ø-),ø-/ø-,tso-e,,tsoe-,ø,cl9/cl10,Gender-5,nom,
blinking,battement des paupières,kábadan (e-/bi-),e-/bi-,kabad-an,,kabad-,an,cl7/cl8,Gender-4,nom,
flicker,clignotement,kábadan (mə-/mə-),më-/më-,kabad-an,,kabad-,an,cl6/cl6,Gender-5,nom,
drummer,batteur,báman (e-/bi-),e-/bi-,bam-an,,bam-,an,cl7/cl8,Gender-4,nom,
mixer,mixeur,vusuga (e-/bi-),e-/bi-,vus-ug-a,,vus-,ug-a,cl7/cl8,Gender-4,nom,
blender,mélangeur,bulan (m̀-/bə-),m-/bë-,bul-an,,bul-,an,cl1/cl2,Gender-1,nom,
beater,battoir,ngə́ŋ (e-/bi-),e-/bi-,ngëṅ,,ngëṅ,ø,cl7/cl8,Gender-4,nom,
hunt,battue,səbəsəbəle (ø-/ø-),ø-/ø-,sëb-ë-sëb-ël-e,,sëb-,ë-sëb-ël-e,cl9/cl10,Gender-5,nom,
tracking,traque,yádán (a-/mə-),a-/më-,yad-an,,yada-,an,cl5/cl6,Gender-3,nom,
beam,bau,sûga (e-/bi-),e-/bi-,sug-a,,sug-,a,cl7/cl8,Gender-4,nom,
ridge,faîtière,bóŋ (m̀-/min-),m-/min-,boṅ,,boṅ,ø,cl3/cl4,Gender-2,nom,
donkey,baudet,ózəle (ø-/ø-),ø-/ø-,ozël-e,,ozël-,e,cl9/cl10,Gender-5,nom,
baldric,baudrier,wɔ́g (e-/bi-),e-/bi-,wòg,,wòg,ø,cl7/cl8,Gender-4,nom,
pigsty,bauge,kam (a-/mə-),a-/më-,kam,,kam,ø,cl5/cl6,Gender-3,nom,
mud,fange,bóga (e-/bi-),e-/bi-,bog-a,,bog-,a,cl7/cl8,Gender-4,nom,
mire,fange,bóga (e-/bi-),e-/bi-,bog-a,,bog-,a,cl7/cl8,Gender-4,nom,
filth,immondice,kúkúá (e-/bi-),e-/bi-,ku-kua,ku,-kua,ø,cl7/cl8,Gender-4,nom,
garbage,immondice,kúkúá (e-/bi-),e-/bi-,ku-kua,ku,-kua,ø,cl7/cl8,Gender-4,nom,
shed,hangar,lúm (e-/bi-),e-/bi-,lum,,lum,ø,cl7/cl8,Gender-4,nom,
mud,boue,m̀bɔdɔg (ø-/ø-),ø-/ø-,mbod-og,,mbod-,og,cl9/cl10,Gender-5,nom,
balm,baume,bonda (a-/a-),a-/a-,bond-a,,bond-,a,cl5/cl5,Gender-3f,nom,
oil,huile,bɔ́n (m̀-/min-),m-/min-,bòn,,bòn,ø,cl3/cl4,Gender-2,nom,
parrot,perroquet,kos (ø-/ø-),ø-/ø-,kos,,kos,ø,cl9/cl10,Gender-5,nom,
bell,cloche,bəngé (a-/mə-),a-/më-,bëng-e,,bëng,e,cl5/cl6,Gender-3,nom,
mouth,bouche,nyu (a-/mə-),a-/më-,nyu,,nyu,ø,cl5/cl6,Gender-3,nom,
magpie,pie,dzole (e-/bi-),e-/bi-,dzol-e,,dzol-,e,cl7/cl8,Gender-4,nom,
chatterbox,bavard,fɔ́b (m̀-/min-),m-/min-,fòb,,fòb,ø,cl3/cl4,Gender-2,nom,
smooth talker,baratineur,kpɛ́ (m̀-/bə-),m-/bë-,kpè,,kpè,ø,cl1/cl2,Gender-1,nom,
orator,orateur,dzó (ǹ-/bə-),n-/bë-,dzo,,dzo,ø,cl1/cl2,Gender-1,nom,
talkative,loquace,kəgəde (ǹ-/bə-),n-/bë-,këg-ëd-e,,këg-,ëd-e,cl1/cl2,Gender-1,nom,
lecturer,conférencier,kəŋ (ǹ-/bə-),n-/bë-,këṅ,,këṅ,ø,cl1/cl2,Gender-1,nom,
speech,parole,kɔbɔ (ǹ-/min-),n-/min-,kob-o,,kob-,o,cl3/cl4,Gender-2,nom,
voluble,volubile,lǎg (ǹ-/min-),n-/min-,lag,,lag,ø,cl3/cl4,Gender-2,nom,
wordy,prolixe,kpəŋ (o-/o-),o-/o-,kpëṅ,,kpëṅ,ø,cl11/cl11,Gender-8b,nom,
verbose,verbeux,lag (ǹ-/bə-),n-/bë-,lag,,lag,ø,cl1/cl2,Gender-1,nom,
storyteller,conteur,lɛ̂ (ǹ-/bə-),n-/bë-,lè,,lè,ø,cl1/cl2,Gender-1,nom,
preacher,prédicateur,táŋan (ǹ-/bə-),n-/bë-,taṅ-an,,taṅ-,an,cl1/cl2,Gender-1,nom,
declaimer,déclameur,ǹdzóle (ø-/ø-),ø-/ø-,ndzo-le,,ndzo-,le,cl9/cl10,Gender-5,nom,
huckster,bonimenteur,kəgəde (o-/o-),o-/o-,këg-ëd-e,,këg-,ëd-e,cl11/cl11,Gender-8b,nom,
trickster,bonimenteur,kəgəde (o-/o-),o-/o-,këg-ëd-e,,këg-,ëd-e,cl11/cl11,Gender-8b,nom,
bluffer,bluffeur,lag (o-/o-),o-/o-,lag,,lag,ø,cl11/cl11,Gender-8b,nom,
talkative,causant,mvə́g (o-/o-),o-/o-,mvëg,,mvëg,ø,cl11/cl11,Gender-8b,nom,
stammering,bégaillement,kəgəbə (e-/bi-),e-/bi-,këg-ëb-ë,,këg-,ëb-ë,cl7/cl8,Gender-4,nom,
chats,causeries,láŋ (ǹ-/miǹ-),n-/min-,laṅ,,laṅ,ø,cl3/cl4,Gender-2,nom,
chatterbox,bavard,fɔb (m̀-/bə-),m-/bë-,fob,,fob,ø,cl1/cl2,Gender-1,nom,
tongue,langue,kɔbɔ (ǹ-/min-),n-/min-,kob-o,,kob-,o,cl3/cl4,Gender-2,nom,
communicative,communicatif,kɔ́l (ǹ-/min-),n-/min-,kòl,,kòl,ø,cl3/cl4,Gender-2,nom,
wordy,prolixe,dɔd (o-/o-),o-/o-,dòd,,dòd,ø,cl11/cl11,Gender-8b,nom,
impudent chatter,bavardage effronté,sás (e-/bi-),e-/bi-,sas,,sas,ø,cl7/cl8,Gender-4,nom,
excessive chatter,bavardage excessif,dzóle (e-/bi-),e-/bi-,dzo-le,,dzo-,le,cl7/cl8,Gender-4,nom,
declamation,déclamation,dzóle (ǹ-/min-),n-/min-,dzo-le,,dzo-,le,cl3/cl4,Gender-2,nom,
recitation,récitation,tálan (ǹ-/min-),n-/min-,tal-an,,tal-,an,cl3/cl4,Gender-2,nom,
sermon,prêche,táŋan (ǹ-/min-),n-/min-,taṅ-an,,taṅ-,an,cl3/cl4,Gender-2,nom,
bonnet,bavolet,fə́mbá (a-/mə-),a-/më-,fëm-ba,,fëm-,ba,cl5/cl6,Gender-3,nom,
hat,chapeau,tóm (ǹ-/min-),n-/min-,tom,,tom,ø,cl3/cl4,Gender-2,nom,
blunder,bavure,tɔ́n (a-/mə-),a-/më-,tòn,,tòn,ø,cl5/cl6,Gender-3,nom,
mistake,faute,vǔs (e-/bi-),e-/bi-,vus,,vus,ø,cl7/cl8,Gender-4,nom,
bazaar,bazar,zitwâd (ø-/ø-),ø-/ø-,zitwad,,zitwad,ø,cl9/cl10,Gender-5,nom,
retail,commerce au détails,mimya (a-/a-),a-/a-,mi-mya,mi,-mya,ø,cl5/cl5,Gender-3f,nom,
commotion,remue-ménage,bizamanda (ø-/ø-),ø-/ø-,bizamand-a,,bizamand-,a,cl9/cl10,Gender-5,nom,
thrashing,raclée,bom (e-/bi-),e-/bi-,bom,,bom,ø,cl7/cl8,Gender-4,nom,
shop,boutique,fatsilá (e-/bi-),e-/bi-,fatsila,,fatsila,ø,cl7/cl8,Gender-4,nom,
beagle,beagle,mvú (ø-/ø-),ø-/ø-,mvu,,mvu,ø,cl9/cl10,Gender-5,nom,
gap,béance,yômbo (mə-/mə-),më-/më-,yom-bo,,yom-,bo,cl6/cl6,Gender-5,nom,
gaping,béant,yômbo (mə-/mə-),më-/më-,yom-bo,,yom-,bo,cl6/cl6,Gender-5,nom,
opening,ouverture,yómbo (a-/mə-),a-/më-,yom-bo,,yom-,bo,cl5/cl6,Gender-3,nom,
to gape,béant (être),tə́ge (a-/mə-),a-/më-,tëg-e,,tëg-,e,cl5/cl6,Gender-3,nom,
blissful,béat,zə̌m (a-/a-),a-/a-,zëm,,zëm,ø,cl5/cl5,Gender-3f,nom,
radiant,épanoui,fom (m̀-/min-),m-/min-,fom,,fom,ø,cl3/cl4,Gender-2,nom,
beatification,béatification,fúbu (e-/bi-),e-/bi-,fub-u,,fub,u,cl7/cl8,Gender-4,nom,
bliss,béatitude,vag (a-/mə-),a-/më-,vag,,vag,ø,cl5/cl6,Gender-3,nom,
beautiful,beau,ngəlɛs (é-/bi-),e-/bi-,ngëlès,,ngëlès,ø,cl7/cl8,Gender-4,nom,
goodness,bonté,mvya (ø-/ø-),ø-/ø-,mvya,,mvya,ø,cl9/cl10,Gender-5,nom,
beauty,beauté,bəŋ (a-/mə-),a-/më-,bëṅ,,bëṅ,ø,cl5/cl6,Gender-3,nom,
splendor,splendeur,bolo (a-/mə-),a-/më-,bol-o,,bol-,o,cl5/cl6,Gender-3,nom,
sumptuousness,somptuosité,sǐm (a-/mə-),a-/më-,sim,,sim,ø,cl5/cl6,Gender-3,nom,
grandeur,grandeur,ǐn (dz-/by-),dz-/by-,in,,in,ø,cl5a/cl8a,Gender-4a,nom,
delight,délice,bá (e-/bi-),e-/bi-,ba,,ba,ø,cl7/cl8,Gender-4,nom,
enjoyment,jouissance,lɔm (e-/bi-),e-/bi-,lòm,,lòm,ø,cl7/cl8,Gender-4,nom,
controversy,polémique,tótóg (e-/bi-),e-/bi-,to-tog,to,-tog,ø,cl7/cl8,Gender-4,nom,
pleasure,plaisir,vəŋ (e-/bi-),e-/bi-,vëṅ,,vëṅ,ø,cl7/cl8,Gender-4,nom,
well-being,bien-être,yíliga (e-/bi-),e-/bi-,yil-ig-a,,yil-,ig-a,cl7/cl8,Gender-4,nom,
elegant,élégant,zazú (e-/bi-),e-/bi-,zaz-u,,zaz-,u,cl7/cl8,Gender-4,nom,
kindness,bonté,bəmbə (m̀-/min-),m-/min-,bëm-b-ë,,bëm-,b-ë,cl3/cl4,Gender-2,nom,
benevolence,bienveillance,bəŋ (m̀-/min-),m-/min-,bëṅ,,bëṅ,ø,cl3/cl4,Gender-2,nom,
amiability,amabilité,fəmbə (m̀-/min-),m-/min-,fëm-b-ë,,fëm-,b-ë,cl3/cl4,Gender-2,nom,
satisfaction,satisfaction,fyəg (m̀-/min-),m-/min-,fyëg,,fyëg,ø,cl3/cl4,Gender-2,nom,
magnificence,magnificence,sim (ǹ-/min-),n-/min-,sim,,sim,ø,cl3/cl4,Gender-2,nom,
good-looking,beau à voir,bá (e-/bi-),e-/bi-,ba,,ba,ø,cl7/cl8,Gender-4,nom,
eloquent speech,beau langage,mvyə́ŋ (e-/bi-),e-/bi-,mvyëṅ,,mvyëṅ,ø,cl7/cl8,Gender-4,nom,
very midst,beau milieu,ngan (ø-/ø-),ø-/ø-,ngan,,ngan,ø,cl9/cl10,Gender-5,nom,
drum,tambour,ngɔm (ø-/ø-),ø-/ø-,ngòm,,ngòm,ø,cl9/cl10,Gender-5,nom,
cover,abri,bəmbá (a-/mə-),a-/më-,bëm-b-a,,bëm-,b-a,cl5/cl6,Gender-3,nom,
absent,absent,dəm (e-/bi-),e-/bi-,dëm,,dëm,ø,cl7/cl8,Gender-4,nom,
addition,addition,báán (m̀-/min-),m-/min-,ba-an,,ba-,an,cl3/cl4,Gender-2,nom,
union,union,lad (e-/bi-),e-/bi-,lad,,lad,ø,cl7/cl8,Gender-4,nom,
clever,adroit,kǎ (ø-/ø-),ø-/ø-,ka,,ka,ø,cl9/cl10,Gender-5,nom,
address,addresse,tɔbɔgɔ (e-/bi-),e-/bi-,tòb-ò-g-ò,,tòb-,ò-g-ò,cl7/cl8,Gender-4,nom,
airport,aéroport,sə́ŋ avyǒŋ (ǹ-/min-),n-/min-,sëṅ avyoṅ,,sëṅ avyoṅ,ø,cl3/cl4,Gender-2,nom,
things,affaires,am (dz-/m-),dz-/m-,am,,am,ø,cl5a/cl6a,Gender-3b,nom,
age,âge,kala (o-/a-),o-/a-,kal-a,,kal-,a,cl11/cl5,Gender-8,nom,
rough,agité,nyənyam (e-/bi-),e-/bi-,nyë-nyam,nyë,-nyam,ø,cl7/cl8,Gender-4,nom,
help,aider,kǎn (ǹ-/min-),n-/min-,kan,,kan,ø,cl3/cl4,Gender-2,nom,
needle,aiguille,ondɔndɔ (ø-/bə-),ø-/bë-,ondò-ndò,,ondò-,ndò,cl9/cl2,Gender-6,nom,
wing,aile,fǎb (a-/mə-),a-/më-,fab,,fab,ø,cl5/cl6,Gender-3,nom,
wing of the insect,aile d'insecte,vulá (e-/bi-),e-/bi-,vul-a,,vul-,a,cl7/cl8,Gender-4,nom,
air,air,fəb (ø-/ø-),ø-/ø-,fëb,,fëb,ø,cl9/cl10,Gender-5,nom,
food,aliment,kondá (a-/mə-),a-/më-,kond-a,,kond-,a,cl5/cl6,Gender-3,nom,
box,boîte,ndə́g (ø-/ø-),ø-/ø-,ndëg,,ndëg,ø,cl9/cl10,Gender-5,nom,
bulb,ampoule,tótób (e-/bi-),e-/bi-,tot-ob,,tot-,ob,cl7/cl8,Gender-4,nom,
year,année,bú (m̀-/min-),m-/min-,bu,,bu,ø,cl3/cl4,Gender-2,nom,
old,ancien,yóŋ (e-/bi-),e-/bi-,yoṅ,,yoṅ,ø,cl7/cl8,Gender-4,nom,
donkey,âne,ózəle (ø-/ø-),ø-/ø-,ozël-e,,ozël-,e,cl9/cl10,Gender-5,nom,
donkey,âne,dzagás (e-/bi-),e-/bi-,dzagas,,dzagas,ø,cl7/cl8,Gender-4,nom,
animal,animal,tsíd (ø-/ø-),ø-/ø-,tsid,,tsid,ø,cl9/cl10,Gender-5,nom,
fish,poisson,kɔ̌s (ø-/ø-),ø-/ø-,kòs,,kòs,ø,cl9/cl10,Gender-5,nom,
bird,oiseau,nɔ́n (o-/a-),o-/a-,nòn,,nòn,ø,cl11/cl5,Gender-8,nom,
fly,mouche,lɔ̌ (ǹ-/min-),n-/min-,lò,,lò,ø,cl3/cl4,Gender-2,nom,
snake,serpent,nyɔ́l (ø-/bə-),ø-/bë-,nyòl,,nyòl,ø,cl9/cl2,Gender-6,nom,
goat,chèvre,kábad (ø-/bə-),ø-/bë-,kabad,,kabad,ø,cl9/cl2,Gender-6,nom,
camera,appareil photo,fóda (ø-/bə-),ø-/bë-,fod-a,,fod-,a,cl9/cl2,Gender-6,nom,
leaves,feuilles,kíé (ø-/mə-),ø-/më-,kie,,kie,ø,cl9/cl6,Gender-7,nom,
branchs,branche,təm (ǹ-/min-),n-/min-,tëm,,tëm,ø,cl3/cl4,Gender-2,nom,
trunk,tronc,kug (ǹ-/min-),n-/min-,kug,,kug,ø,cl3/cl4,Gender-2,nom,
bark,l'écorce,bab (e-/bi-),e-/bi-,bab,,bab,ø,cl7/cl8,Gender-4,nom,
roots,racines,kǎŋ (ǹ-/min-),n-/min-,kaṅ,,kaṅ,ø,cl3/cl4,Gender-2,nom,
silver,argent,sílíba (ø-/bə-),ø-/bë-,silib-a,,silib-,a,cl9/cl2,Gender-6,nom,
money,argent,mɔni (ø-/bə-),ø-/bë-,moni,,moni,ø,cl9/cl2,Gender-6,nom,
bad-smelling of animals,odeur nauséabonde d'animaux,tud (a-/mə-),a-/më-,tud,,tud,ø,cl5/cl6,Gender-3,nom,
leavent,ferment,byəg (ø-/ø-),ø-/ø-,byëg,,byëg,ø,cl9/cl10,Gender-5,nom,
musty smell,odeur de moisissures,vud (a-/mə-),a-/më-,vud,,vud,ø,cl5/cl6,Gender-3,nom,
fart smelling,odeur de pet,bɔs (e-/bi-),e-/bi-,bòs,,bòs,ø,cl7/cl8,Gender-4,nom,
sight,vue,sɔman (ǹ-/miǹ-),n-/min-,sòm-an,,sòm-,an,cl3/cl4,Gender-2,nom,
egg,œuf,kǐ (a-/mə-),a-/më-,ki,,ki,ø,cl5/cl6,Gender-3,nom,
vulture,vautour,wonga (e-/bi-),e-/bi-,wong-a,,wong-,a,cl7/cl8,Gender-4,nom,
foot,patte,bɔ (a-/mə-),a-/më-,bò,,bò,ø,cl5/cl6,Gender-3,nom,
beak,bec,sɔŋ (ǹ-/miǹ-),n-/min-,sòṅ,,sòṅ,ø,cl3/cl4,Gender-2,nom,
wing,aile,fab (a-/mə-),a-/më-,fab,,fab,ø,cl5/cl6,Gender-3,nom,
feather,plume,sie (a-/mə-),a-/më-,sie,,sie,ø,cl5/cl6,Gender-3,nom,
shadow,préombre,da (bi-/bi-),bi-/bi-,da,,da,ø,cl8/cl8,Gender-4b,nom,
shade,ombre,sísím (ǹ-/min-),n-/min-,si-sim,si,-sim,ø,cl3/cl4,Gender-2,nom,
shading,ombrage,vúvoe (e-/bi-),e-/bi-,vu-voe,vu,-voe,ø,cl7/cl8,Gender-4,nom,
darkness,obscurité,íbi (d-/d-),d-/d-,ibi,,ibi,ø,cl5c/cl5c,Gender-3g,nom,
uncertainty,incertitude,dzidzin (e-/bi-),e-/bi-,dzi-dzin,dzi,-dzin,ø,cl7/cl8,Gender-4,nom,
gold,or,mvɔ́d (ø-/mə-),ø-/më-,mvòd,,mvòd,ø,cl9/cl6,Gender-7,nom,
order,ordre,bíndá (ø-/ø-),ø-/ø-,binda,,binda,ø,cl9/cl10,Gender-5,nom,
bone,os,vɛ̌s (e-/bi-),e-/bi-,vès,,vès,ø,cl7/cl8,Gender-4,nom,
tool,outil,bəlan (e-/bi-),e-/bi-,bël-an,,bëlë-,an,cl7/cl8,Gender-4,nom,
page,page,bɔ́i (ø-/ø-),ø-/ø-,bòi,,bòi,ø,cl9/cl10,Gender-5,nom,
straw,paille,kúnuŋa (e-/bi-),e-/bi-,kunuṅ-a,,kunuṅ-,a,cl7/cl8,Gender-4,nom,
bread,pain,fə́mbé (ø-/ø-),ø-/ø-,fëmbe,,fëmbe,ø,cl9/cl10,Gender-5,nom,
fly over,survoler,yəǹəsə (a),a,yën-ë-s-ë,,yën-,ë-s-ë,VERB_INF,VERB_INF,VERB_INF,
add,additionner,bag (a),a,bag,,bag,ø,VERB_INF,VERB_INF,VERB_INF,
butcher,dépecer,baii (a),a,bai-i,,ba-,i,VERB_INF,VERB_INF,VERB_INF,
likely to injure,suceptible de blesser,balan (a),a,bal-an,,bal-,an,VERB_INF,VERB_INF,VERB_INF,
to wound each other,se blesser mutuellement,balan (a),a,bal-an,,bal-,an,VERB_INF,VERB_INF,VERB_INF,
hurt,blesser,bali (a),a,bal-i,,bal-,i,VERB_INF,VERB_INF,VERB_INF,
act of giving form,action de donner une forme,bami (a),a,bam-i,,bam-,i,VERB_INF,VERB_INF,VERB_INF,
likely to split,susceptible de se fendre,basan (a),a,bas-an,,bas-,an,VERB_INF,VERB_INF,VERB_INF,
look at,regarder,bəbə (a),a,bë-bë,,bë-,bë,VERB_INF,VERB_INF,VERB_INF,
divide,morceller,bəg (a),a,bëg,,bëg,ø,VERB_INF,VERB_INF,VERB_INF,
char,calciner,bəgəle (a),a,bëg-ël-e,,bëg-,ël-ë,VERB_INF,VERB_INF,VERB_INF,
cook,cuire,bele (a),a,bel-e,,bel-,e,VERB_INF,VERB_INF,VERB_INF,
bringing of,action de déposer,bəme (a),a,bëm-e,,bëm-,e,VERB_INF,VERB_INF,VERB_INF,
give out,lotir,bənge (a),a,bëng-e,,bëng-,e,VERB_INF,VERB_INF,VERB_INF,
able to attack,capable d'attaquer,bian (a),a,bi-an,,bi-,an,VERB_INF,VERB_INF,VERB_INF,
act of follow,action de suivre,bie (a),a,bi-e,,bi-,e,VERB_INF,VERB_INF,VERB_INF,
do,faire,bɔ (a),a,bo,,bo,ø,VERB_INF,VERB_INF,VERB_INF,
do,acter,bɔ (a),a,bo,,bo,ø,VERB_INF,VERB_INF,VERB_INF,
conduct,faire,bɔ (a),a,bo,,bo,ø,VERB_INF,VERB_INF,VERB_INF,
conduct,acter,bɔ (a),a,bo,,bo,ø,VERB_INF,VERB_INF,VERB_INF,
act of dabble,action de tâter,bobo (a),a,bob-o,,bob-,o,VERB_INF,VERB_INF,VERB_INF,
prick,piquer,bəm (a),a,bëm,,bëm,ø,VERB_INF,VERB_INF,VERB_INF,
bark,aboyer,bon (a),a,bon,,bon,ø,VERB_INF,VERB_INF,VERB_INF,
hide by covering,cacher en couvrant,budi (a),a,bud-i,,bud-,i,VERB_INF,VERB_INF,VERB_INF,
be covered up,être caché,budu (a),a,bud-u,,bud-,u,VERB_INF,VERB_INF,VERB_INF,
be able to break,capable de briser (se),buguban (a),a,bug-ub-an,ub-an,-bug,ø,VERB_INF,VERB_INF,VERB_INF,
roast,braiser,bum (a),a,bum,,bum,ø,VERB_INF,VERB_INF,VERB_INF,
rush,se précipiter,bumi (a),a,bum-i,,bum-,i,VERB_INF,VERB_INF,VERB_INF,
catch,capturer,bi (a),a,bi,,bi,ø,VERB_INF,VERB_INF,VERB_INF,
contempt,outrager,byandi (a),a,byandi,,byandi,ø,VERB_INF,VERB_INF,VERB_INF,
throb,palpiter,dagaba (a),a,dag-ab-a,,dag-,ab-a,VERB_INF,VERB_INF,VERB_INF,
palpate,palper,bob (a),a,bob,,bob,ø,VERB_INF,VERB_INF,VERB_INF,
frame,cadrer,bod (a),a,bod,,bod,ø,VERB_INF,VERB_INF,VERB_INF,
get lost,se perdre,dimi (a),a,dim-i,,dim-,i,VERB_INF,VERB_INF,VERB_INF,
lie down,être couché,dzogogobo (a),a,dzog-og-ob-o,,dzog-,og-ob-o,VERB_INF,VERB_INF,VERB_INF,
pronounce,prononcer,fala (a),a,fal-a,,fal-,a,VERB_INF,VERB_INF,VERB_INF,
hope,avoir de l'espoir,fidi (a),a,fid-i,,fid-,i,VERB_INF,VERB_INF,VERB_INF,
erase,effacer,dim (a),a,dim,,dim,ø,VERB_INF,VERB_INF,VERB_INF,
erase,éteindre,dim (a),a,dim,,dim,ø,VERB_INF,VERB_INF,VERB_INF,
off,effacer,dim (a),a,dim,,dim,ø,VERB_INF,VERB_INF,VERB_INF,
off,éteindre,dim (a),a,dim,,dim,ø,VERB_INF,VERB_INF,VERB_INF,
to be clean,être propre,fub (a),a,fub,,fub,ø,VERB_INF,VERB_INF,VERB_INF,
purify,purifier,fubu (a),a,fub-u,,fub-,u,VERB_INF,VERB_INF,VERB_INF,
clean,purifier,fubu (a),a,fub-u,,fub-,u,VERB_INF,VERB_INF,VERB_INF,
look like,ressembler à,fulan (a),a,ful-an,,ful-,an,VERB_INF,VERB_INF,VERB_INF,
hit,cogner,kəg (a),a,këg,,këg,ø,VERB_INF,VERB_INF,VERB_INF,
lose weight,maigrir,kod (a),a,kod,,kod,ø,VERB_INF,VERB_INF,VERB_INF,
quit,quitter,kodo (a),a,kod-o,,kod-,o,VERB_INF,VERB_INF,VERB_INF,
draw,puiser,lab (a),a,lab,,lab,ø,VERB_INF,VERB_INF,VERB_INF,
pout,Faire la moue,nyəg (a),a,nyëg,,nyëg,ø,VERB_INF,VERB_INF,VERB_INF,
wade,patauger,nyəgədə (a),a,nyëg-ëd-ë,,nyëg-,ëd-ë,VERB_INF,VERB_INF,VERB_INF,
complain,imputer,sɔman (a),a,som-an,,som-,an,VERB_INF,VERB_INF,VERB_INF,
wipe,se torcher,timan (a),a,tim-an,,tim-,an,VERB_INF,VERB_INF,VERB_INF,
choose,choisir,tɔb (a),a,tob,,tob,ø,VERB_INF,VERB_INF,VERB_INF,
choose,élire,tɔb (a),a,tob,,tob,ø,VERB_INF,VERB_INF,VERB_INF,
elect,choisir,tɔb (a),a,tob,,tob,ø,VERB_INF,VERB_INF,VERB_INF,
elect,élire,tɔb (a),a,tob,,tob,ø,VERB_INF,VERB_INF,VERB_INF,
seat,s'assoire,tɔbɔ (a),a,tob-o,,tob-,o,VERB_INF,VERB_INF,VERB_INF,
follow,suivre,tɔǹ (a),a,ton,,ton,ø,VERB_INF,VERB_INF,VERB_INF,
hull,écosser,tɔs (a),a,tos,,tos,ø,VERB_INF,VERB_INF,VERB_INF,
alive,respirer,vəbə (a),a,vëb-ë,,vëb-,ë,VERB_INF,VERB_INF,VERB_INF,
play,jouer,voe (a),a,voe,,voe,ø,VERB_INF,VERB_INF,VERB_INF,
fit,raccorder,wɔǹ (a),a,won,,won,ø,VERB_INF,VERB_INF,VERB_INF,
scratching,démanger,yaan (ø),ø,ya-an,,ya-,an,VERB_INF,VERB_INF,VERB_INF,
turn,virer,yala (a),a,yal-a,,yal-,a,VERB_INF,VERB_INF,VERB_INF,
copulate,acte de fécondation,yam (a),a,yam,,yam,ø,VERB_INF,VERB_INF,VERB_INF,
fry,faire frire,yaǹ (a),a,yan,,yan,ø,VERB_INF,VERB_INF,VERB_INF,
fly,voler,yələ (a),a,yël-ë,,yël-,ë,VERB_INF,VERB_INF,VERB_INF,
be stuck,être coincé,yələ (a),a,yël-ë,,yël-,ë,VERB_INF,VERB_INF,VERB_INF,
claim a debt,reclamer (un dû),yəm (a),a,yëm,,yëm,ø,VERB_INF,VERB_INF,VERB_INF,
become familiar with,se familiariser avec,yəman (a),a,yëm-an,,yëm-,an,VERB_INF,VERB_INF,VERB_INF,
to have develop a bad habit,avoir developpé une manie,yəməle (a),a,yëm-ël-e,,yëm-,ël-e,VERB_INF,VERB_INF,VERB_INF,
float,flotter,yəǹ (a),a,yën,,yën,ø,VERB_INF,VERB_INF,VERB_INF,
pamper,Chérir,yəǹə (a),a,yën-ë,,yën-,ë,VERB_INF,VERB_INF,VERB_INF,
burn out,se consumer,yɔǹ (a),a,yon,,yon,ø,VERB_INF,VERB_INF,VERB_INF,
hang on,s'accrocher,faba (a),a,fab-a,,fab-,a,VERB_INF,VERB_INF,VERB_INF,
arch,cabrer (animaux) (se),tə́bə (a),a,tëb-ë,,tëbë-,ë,VERB_INF,VERB_INF,VERB_INF,
arch,cabrer (se),ngáǹalan (a),a,ngan-al-an,,ngan-,al-an,VERB_INF,VERB_INF,VERB_INF,
devote,consacrer à (se),dzɔ̌ (a),a,dzò,,dzò,ø,VERB_INF,VERB_INF,VERB_INF,
Preserve,conserver,baala (a),a,baal-a,,baal-,a,VERB_INF,VERB_INF,VERB_INF,
drink,consommer,nyú (a),a,nyu,,nyu,ø,VERB_INF,VERB_INF,VERB_INF,
Consider,considérer,bəbə (a),a,bë-bë,,bë-,bë,VERB_INF,VERB_INF,VERB_INF,
consign,consigner,líg (a),a,lig,,lig,ø,VERB_INF,VERB_INF,VERB_INF,
Conspire,conspirer,lám (a),a,lam,,lam,ø,VERB_INF,VERB_INF,VERB_INF,
Comfort,consoler,ləle (a),a,lël-e,,lël-,e,VERB_INF,VERB_INF,VERB_INF,
Notice,constater,big (a),a,big,,big,ø,VERB_INF,VERB_INF,VERB_INF,
Notice a lack,constater une absence,sɔg (a),a,sòg,,sòg,ø,VERB_INF,VERB_INF,VERB_INF,
Contant,consteller,myagala (a),a,myag-al-a,,myag-,al-a,VERB_INF,VERB_INF,VERB_INF,
Consolidate,consolider,wono (a),a,won-o,,won-,o,VERB_INF,VERB_INF,VERB_INF,
strengthen,consolider (se),wonobo (a),a,won-ob-o,,won-,ob-o,VERB_INF,VERB_INF,VERB_INF,
dismay,consterner,dzug (a),a,dzug,,dzug,ø,VERB_INF,VERB_INF,VERB_INF,
Constitue,constituer,bələ (a),a,bël-ë,,bël-,ë,VERB_INF,VERB_INF,VERB_INF,
Infect,contaminer,kalan (a),a,kal-an,,kal-,an,VERB_INF,VERB_INF,VERB_INF,
dismay,consterné (être),somó (a),a,som-o,,som-,o,VERB_INF,VERB_INF,VERB_INF,
build,construire,bími (a),a,bim-i,,bim-,i,VERB_INF,VERB_INF,VERB_INF,
contemplate,contempler,bəbə (a),a,bëb-ë,,bëb-,ë,VERB_INF,VERB_INF,VERB_INF,
contemplate,contempler (se),bəban (a),a,bëb-an,,bëb-,an,VERB_INF,VERB_INF,VERB_INF,
Contain,contenir,bán (a),a,ban,,ban,ø,VERB_INF,VERB_INF,VERB_INF,
content,contenter,bán (a),a,ban,,ban,ø,VERB_INF,VERB_INF,VERB_INF,
contact,contacter,bi (a),a,bi,,bi,ø,VERB_INF,VERB_INF,VERB_INF,
relate,conter,kani (a),a,kan-i,,kan-,i,VERB_INF,VERB_INF,VERB_INF,
continue,continuer,səbəg (a),a,sëb-ëg,,sëb-,ëg,VERB_INF,VERB_INF,VERB_INF,
continue to,continuer à,toŋ (a),a,toṅ,,toṅ,ø,VERB_INF,VERB_INF,VERB_INF,
remain in existance,continuer d'exister,laŋan (a),a,laṅ-an,,laṅ-,an,VERB_INF,VERB_INF,VERB_INF,
contract,contracter,bi (a),a,bi,,bi,ø,VERB_INF,VERB_INF,VERB_INF,
contract,contracter (se),kánga (a),a,kang-a,,kang-,a,VERB_INF,VERB_INF,VERB_INF,
quota,contingenter,kab (a),a,kab,,kab,ø,VERB_INF,VERB_INF,VERB_INF,
be continuous,continu (être),tság (a),a,tsag,,tsag,ø,VERB_INF,VERB_INF,VERB_INF,
force,contraindre,nɔd (a),a,nòd,,nòd,ø,VERB_INF,VERB_INF,VERB_INF,
forcing onself,contraindre (se),suŋ (a),a,suṅ,,suṅ,ø,VERB_INF,VERB_INF,VERB_INF,
upset,contrarier,báli (a),a,bal-i,,bal-,i,VERB_INF,VERB_INF,VERB_INF,
forge,contrefaire,kob (a),a,kob,,kob,ø,VERB_INF,VERB_INF,VERB_INF,
contibute,contribuer,syé (a),a,sye,,sye,ø,VERB_INF,VERB_INF,VERB_INF,
sadden,contrister,dzug (a),a,dzug,,dzug,ø,VERB_INF,VERB_INF,VERB_INF,
check,contrôler,bəbə (a),a,bë-bë,,bë-,bë,VERB_INF,VERB_INF,VERB_INF,
check,contrôler,bigili (a),a,big-il-i,,big-,il-i,VERB_INF,VERB_INF,VERB_INF,
agree,convenir,yíli (a),a,yil-i,,yil-,i,VERB_INF,VERB_INF,VERB_INF,
suit,convenir à,yî (a),a,yi,,yi,ø,VERB_INF,VERB_INF,VERB_INF,
merge,converger,tóban (a),a,tob-an,,tob-,an,VERB_INF,VERB_INF,VERB_INF,
controversialize,controverser,fɛdan (a),a,fèd-an,,fèd-,an,VERB_INF,VERB_INF,VERB_INF,
talk,converser,kadan (a),a,kad-an,,kad-,an,VERB_INF,VERB_INF,VERB_INF,
convert,convertir,dudu (a),a,dud-u,,dud-,u,VERB_INF,VERB_INF,VERB_INF,
convince,convaincre,dzóan (a),a,dzo-an,,dzo-,an,VERB_INF,VERB_INF,VERB_INF,
invite,convier,bánda (a),a,ban-da,,ban-,da,VERB_INF,VERB_INF,VERB_INF,
user-friendly,convivialiser,mgbaan (a),a,mgba-an,,mgba-,an,VERB_INF,VERB_INF,VERB_INF,
covote,convoiter,dzə́ŋ (a),a,dzëṅ,,dzëṅ,ø,VERB_INF,VERB_INF,VERB_INF,
coordinate,coordonner,lɔ̂ban (a),a,lòb-an,,lòb-,an,VERB_INF,VERB_INF,VERB_INF,
call,convoquer,bánda (a),a,banda,,banda,ø,VERB_INF,VERB_INF,VERB_INF,
convey,convoyer,bəgə́ (a),a,bëg-ë,,bëg-,ë,VERB_INF,VERB_INF,VERB_INF,
copy,copier,kob (a),a,kob,,kob,ø,VERB_INF,VERB_INF,VERB_INF,
convulse,convulser,fás (a),a,fas,,fas,ø,VERB_INF,VERB_INF,VERB_INF,
cooperate,coopérer,ka (a),a,ka,,ka,ø,VERB_INF,VERB_INF,VERB_INF,
co-opt,coopter,ván (a),a,van,,van,ø,VERB_INF,VERB_INF,VERB_INF,
copulate,copuler,bəlan (a),a,bël-an,,bël-,an,VERB_INF,VERB_INF,VERB_INF,
braid,cordeler,vaŋ (a),a,vaṅ,,vaṅ,ø,VERB_INF,VERB_INF,VERB_INF,
string,corder,láŋan (a),a,laṅ-an,,laṅ-,an,VERB_INF,VERB_INF,VERB_INF,
coordinate,cordonner,vaŋ (a),a,vaṅ,,vaṅ,ø,VERB_INF,VERB_INF,VERB_INF,
coordinate,cordonner (du fil),fen (a),a,fen,,fen,ø,VERB_INF,VERB_INF,VERB_INF,
guide,cornaquer,léde (a),a,led-e,,led-,e,VERB_INF,VERB_INF,VERB_INF,
corner,corner,bom (a),a,bom,,bom,ø,VERB_INF,VERB_INF,VERB_INF,
coroner,coroner,fulús (a),a,fulus,,fulus,ø,VERB_INF,VERB_INF,VERB_INF,
match,correspondre,fulan (a),a,ful-an,,ful-,an,VERB_INF,VERB_INF,VERB_INF,
tally with,correspondre à,bəbə (a),a,bë-bë,,bë-,bë,VERB_INF,VERB_INF,VERB_INF,
correct,corriger,bi (a),a,bi,,bi,ø,VERB_INF,VERB_INF,VERB_INF,
correct oneself,corriger (se),tsénde (a),a,tsend-e,,tsend-,e,VERB_INF,VERB_INF,VERB_INF,
confirm,corroborer,yə́bə (a),a,yëb-ë,,yëb-,ë,VERB_INF,VERB_INF,VERB_INF,
corrode,corroder,dí (a),a,di,,di,ø,VERB_INF,VERB_INF,VERB_INF,
get corrup,corrompre (se),bub (a),a,bub,,bub,ø,VERB_INF,VERB_INF,VERB_INF,
corrupt each other,corrompre mutuellement (se),bɔlan (a),a,bòl-an,,bòl-,an,VERB_INF,VERB_INF,VERB_INF,
correlate,corréler,tóban (a),a,tob-an,,tob-,an,VERB_INF,VERB_INF,VERB_INF,
make up,cosmétiquer,sî (a),a,si,,si,ø,VERB_INF,VERB_INF,VERB_INF,
rate,coter,kaŋ (a),a,kaṅ,,kaṅ,ø,VERB_INF,VERB_INF,VERB_INF,
contribute,cotiser,sui (a),a,su-i,,su-,i,VERB_INF,VERB_INF,VERB_INF,
to be close to,côtoyer,dzomolo (a),a,dzom-ol-o,,dzom-,ol-o,VERB_INF,VERB_INF,VERB_INF,
dress up,costumer,bɔ́dɔ (a),a,bòd-ò,,bòd-,o,VERB_INF,VERB_INF,VERB_INF,
sleep around,couchailler,bómbo (a),a,bomb-o,,bomb-,o,VERB_INF,VERB_INF,VERB_INF,
argot,couillonner,dug (a),a,dug,,dug,ø,VERB_INF,VERB_INF,VERB_INF,
squeak,couiner,kəg (a),a,këg,,këg,ø,VERB_INF,VERB_INF,VERB_INF,
flow,couler,kúbi (a),a,kub-i,,kub-,i,VERB_INF,VERB_INF,VERB_INF,
slide,coulisser,sende (a),a,send-e,,send-,e,VERB_INF,VERB_INF,VERB_INF,
bent,couder,vúd (a),a,vud,,vud,ø,VERB_INF,VERB_INF,VERB_INF,
elbow,coudoyer,dzimbi (a),a,dzimb-i,,dzimb-,i,VERB_INF,VERB_INF,VERB_INF,
sew,coudre,lad (a),a,lad,,lad,ø,VERB_INF,VERB_INF,VERB_INF,
cut,couper,bas (a),a,bas,,bas,ø,VERB_INF,VERB_INF,VERB_INF,
run,courir,bánga (a),a,bang-a,,bang-,a,VERB_INF,VERB_INF,VERB_INF,
aching,courbaturer,yə́m (a),a,yëm,,yëm,ø,VERB_INF,VERB_INF,VERB_INF,
crown,couronner,bɔ́dɔ (a),a,bòd-ò,,bòd-,o,VERB_INF,VERB_INF,VERB_INF,
crown,courroucer,liŋan (a),a,liṅ-an,,liṅ-,an,VERB_INF,VERB_INF,VERB_INF,
to bend,courber (se),bálaba (a),a,bal-ab-a,,bal-,ab-a,VERB_INF,VERB_INF,VERB_INF,
curry,corroyer,lwí (a),a,lwi,,lwi,ø,VERB_INF,VERB_INF,VERB_INF,
cutting,courtauder,tsíg (a),a,tsig,,tsig,ø,VERB_INF,VERB_INF,VERB_INF,
courting,courtiser,bɔlan (a),a,bòl-an,,bòl-,an,VERB_INF,VERB_INF,VERB_INF,
cover,couvrir,bógobo (a),a,bog-ob-o,,bog-,ob-o,VERB_INF,VERB_INF,VERB_INF,
burn,cramer,dígi (a),a,dig-i,,dig-,i,VERB_INF,VERB_INF,VERB_INF,
clamp,cramponner,bai (a),a,ba-i,,ba-,i,VERB_INF,VERB_INF,VERB_INF,
cling,cramponner (se),faaba (a),a,faab-a,,faab-,a,VERB_INF,VERB_INF,VERB_INF,
spit,cracher,dzála (a),a,dzal-a,,dzal-,a,VERB_INF,VERB_INF,VERB_INF,
spit with force,cracher avec force,və́me (a),a,vëm-e,,vëm-,e,VERB_INF,VERB_INF,VERB_INF,
spit out the whole truth,cracher toute la vérité,yó (a),a,yo,,yo,ø,VERB_INF,VERB_INF,VERB_INF,
drizzle,crachiner,myamala (a),a,myam-al-a,,myam-,al-a,VERB_INF,VERB_INF,VERB_INF,
show off,crâner,ngúŋubu (a),a,nguṅ-ub-u,,nguṅ-,ub-u,VERB_INF,VERB_INF,VERB_INF,
swank,crâner,lɔ̂ban (a),a,lòb-an,,lòb-,an,VERB_INF,VERB_INF,VERB_INF,
spit,crachoter,tsáli (a),a,tsal-i,,tsal-,i,VERB_INF,VERB_INF,VERB_INF,
spitting,crachouiller,túi (a),a,tui,,tui,ø,VERB_INF,VERB_INF,VERB_INF,
notch,cranter,bog (a),a,bog,,bog,ø,VERB_INF,VERB_INF,VERB_INF,
trudge,crapahuter,dzɔ́g (a),a,dzòg,,dzòg,ø,VERB_INF,VERB_INF,VERB_INF,
puff,crapoter,dudu (a),a,dud-u,,dud-,u,VERB_INF,VERB_INF,VERB_INF,
caw,crailler,tad (a),a,tad,,tad,ø,VERB_INF,VERB_INF,VERB_INF,
fear,craindre,fodoban (a),a,fod-ob-an,,fod-,ob-an,VERB_INF,VERB_INF,VERB_INF,
pencil,crayonner,kyəge (a),a,kyëg-e,,kyëg-,e,VERB_INF,VERB_INF,VERB_INF,
crack,craqueler,kə́le (a),a,kël-e,,kël-,e,VERB_INF,VERB_INF,VERB_INF,
crack,craqueler (se),kə́le (a),a,kël-e,,kël-,e,VERB_INF,VERB_INF,VERB_INF,
crack,craquer,kə́le (a),a,kël-e,,kël-,e,VERB_INF,VERB_INF,VERB_INF,
crash,crasher,kɔg (a),a,kòg,,kòg,ø,VERB_INF,VERB_INF,VERB_INF,
crash,crasher (se),kúbi (a),a,kub-i,,kub-,i,VERB_INF,VERB_INF,VERB_INF,
crecher,crécher,tɔbɔ (a),a,tòb-ò,,tòb-,o,VERB_INF,VERB_INF,VERB_INF,
credule (to be),crédule (être),kaŋ (a),a,kaṅ,,kaṅ,ø,VERB_INF,VERB_INF,VERB_INF,
cravacher,cravacher,bósan (a),a,bos-an,,bos-,an,VERB_INF,VERB_INF,VERB_INF,
cravacher (to be),cravacher (se),síman (a),a,sim-an,,sim-,an,VERB_INF,VERB_INF,VERB_INF,
crawler,crawler,dzɔ́g (a),a,dzòg,,dzòg,ø,VERB_INF,VERB_INF,VERB_INF,
create,créer,bonde (a),a,bond-e,,bond-,e,VERB_INF,VERB_INF,VERB_INF,
create,créer,bɔ (a),a,bò,,bò,ø,VERB_INF,VERB_INF,VERB_INF,
create misunderstanding,créer la mésentente,tsam (a),a,tsam,,tsam,ø,VERB_INF,VERB_INF,VERB_INF,
to create dissension,créer la zizanie,zíŋi (a),a,ziṅ-i,,ziṅ-,i,VERB_INF,VERB_INF,VERB_INF,
cretinize,crétiniser,súgulu (a),a,sug-ul-u,,sug-,ul-u,VERB_INF,VERB_INF,VERB_INF,
dig,creuser,bindi (a),a,bin-di,,bin-,di,VERB_INF,VERB_INF,VERB_INF,
crenellate,créneler,sɔŋ (a),a,sòṅ,,sòṅ,ø,VERB_INF,VERB_INF,VERB_INF,
dig to search,creuser pour chercher,vun (a),a,vun,,vun,ø,VERB_INF,VERB_INF,VERB_INF,
dig a little,creuser un peu,fɔ (a),a,fò,,fò,ø,VERB_INF,VERB_INF,VERB_INF,
crépir,crépir,síl (a),a,sil,,sil,ø,VERB_INF,VERB_INF,VERB_INF,
crackle,crépir,fén (a),a,fen,,fen,ø,VERB_INF,VERB_INF,VERB_INF,
to crackle,crépiter,tálan (a),a,tal-an,,tal-,an,VERB_INF,VERB_INF,VERB_INF,
dig,crevasser,káŋ (a),a,kaṅ,,kaṅ,ø,VERB_INF,VERB_INF,VERB_INF,
crever,crever,túb (a),a,tub,,tub,ø,VERB_INF,VERB_INF,VERB_INF,
to burst,crever (se),túi (a),a,tu-i,,tu-,i,VERB_INF,VERB_INF,VERB_INF,
scream,crier,bám (a),a,bam,,bam,ø,VERB_INF,VERB_INF,VERB_INF,
crisp,crisper,fás (a),a,fas,,fas,ø,VERB_INF,VERB_INF,VERB_INF,
screech,crisser,kəg (a),a,këg,,këg,ø,VERB_INF,VERB_INF,VERB_INF,
crystallise,cristalliser,lig (a),a,lig,,lig,ø,VERB_INF,VERB_INF,VERB_INF,
crystallise,cristalliser (se),fib (a),a,fib,,fib,ø,VERB_INF,VERB_INF,VERB_INF,
criticize,critiquer,dzaa (a),a,dza-a,,dza-,a,VERB_INF,VERB_INF,VERB_INF,
criticize,critiquer (se),dzaan (a),a,dza-an,,dza-,an,VERB_INF,VERB_INF,VERB_INF,
grow,croître,fái (a),a,fai,,fai,ø,VERB_INF,VERB_INF,VERB_INF,
croak,croasser,tad (a),a,tad,,tad,ø,VERB_INF,VERB_INF,VERB_INF,
hook,crocher,bai (a),a,bai,,bai,ø,VERB_INF,VERB_INF,VERB_INF,
hook,croquer,dígi (a),a,dig-i,,dig-,i,VERB_INF,VERB_INF,VERB_INF,
believe,croire,búni (a),a,bun-i,,bun-,i,VERB_INF,VERB_INF,VERB_INF,
cross,croiser,byáli (a),a,byal-i,,byal-,i,VERB_INF,VERB_INF,VERB_INF,
cross,croiser (se),lodan (a),a,lod-an,,lod-,an,VERB_INF,VERB_INF,VERB_INF,
crotter,crotter,nyɔdan (a),a,nyòd-an,,nyòd-,an,VERB_INF,VERB_INF,VERB_INF,
crouch,croupir,dzogobo (a),a,dzog-ob-o,,dzog-,ob-o,VERB_INF,VERB_INF,VERB_INF,
crypt,crypter,kúgubu (a),a,kug-ub-u,,kug-,ub-u,VERB_INF,VERB_INF,VERB_INF,
cryptograph,cryptographier,kúgubu (a),a,kug-ub-u,,kug-,ub-u,VERB_INF,VERB_INF,VERB_INF,
crunch,croustiller,kə́le (a),a,kël-e,,kël-,e,VERB_INF,VERB_INF,VERB_INF,
cube,cuber,vəg (a),a,vëg,,vëg,ø,VERB_INF,VERB_INF,VERB_INF,
crust,croûter,dí (a),a,di,,di,ø,VERB_INF,VERB_INF,VERB_INF,
crucify,crucifier,dzógolo (a),a,dzog-ol-o,,dzog-,ol-o,VERB_INF,VERB_INF,VERB_INF,
pick,cueillir,bɔ́i (a),a,bòi,,bòi,ø,VERB_INF,VERB_INF,VERB_INF,
cook,cuire,yám (a),a,yam,,yam,ø,VERB_INF,VERB_INF,VERB_INF,
cook,cuisiner,béle (a),a,be-le,,bel-,e,VERB_INF,VERB_INF,VERB_INF,
guilt,culpabiliser,dzaa (a),a,dza-a,,dza-,a,VERB_INF,VERB_INF,VERB_INF,
to cook,cuiter (se),sɔ́g (a),a,sòg,,sòg,ø,VERB_INF,VERB_INF,VERB_INF,
pick,curer,fími (a),a,fim-i,,fim-,i,VERB_INF,VERB_INF,VERB_INF,
cultivate,cultiver,bɛ (a),a,bè,,bè,ø,VERB_INF,VERB_INF,VERB_INF,
cumulate,cumuler,kɔd (a),a,kòd,,kòd,ø,VERB_INF,VERB_INF,VERB_INF,
damn,damer,bóg (a),a,bog,,bog,ø,VERB_INF,VERB_INF,VERB_INF,
waddle,dandiner,búgudan (a),a,bug-ud-an,,bug-,ud-an,VERB_INF,VERB_INF,VERB_INF,
deign,daigner,yəbə (a),a,yëb-ë,,yëb-,ë,VERB_INF,VERB_INF,VERB_INF,
dance,danser,búgulan (a),a,bug-ul-an,,bug-,ul-an,VERB_INF,VERB_INF,VERB_INF,
stroll,déambuler,téd (a),a,ted,,ted,ø,VERB_INF,VERB_INF,VERB_INF,
unpack,débagouler,yó (a),a,yo,,yo,ø,VERB_INF,VERB_INF,VERB_INF,
unpack,déballer,yái (a),a,yai,,yai,ø,VERB_INF,VERB_INF,VERB_INF,
unload,débourber,vui (a),a,vui,,vui,ø,VERB_INF,VERB_INF,VERB_INF,
poaching,débaucher,soe (a),a,soe,,soe,ø,VERB_INF,VERB_INF,VERB_INF,
lose out,débaucher (se),sogobo (a),a,sog-ob-o,,sog-,ob-o,VERB_INF,VERB_INF,VERB_INF,
debit,débiter,bɛ (a),a,bè,,bè,ø,VERB_INF,VERB_INF,VERB_INF,
unblock,débloquer,sui (a),a,sui,,sui,ø,VERB_INF,VERB_INF,VERB_INF,
déborder,déborder,kúli (a),a,kuli,,kul-,i,VERB_INF,VERB_INF,VERB_INF,
unblock,déboucher,kwí (a),a,kwi,,kwi,ø,VERB_INF,VERB_INF,VERB_INF,
unblock,déboucler,sɔ́di (a),a,sòdi,,sòd-,i,VERB_INF,VERB_INF,VERB_INF,
unblock,débouler,bumi (a),a,bumi,,bum-,i,VERB_INF,VERB_INF,VERB_INF,
disburse,débourser,dzâ (a),a,dza,,dza,ø,VERB_INF,VERB_INF,VERB_INF,
unbutton,déboutonner,tii (a),a,ti-i,,ti-,i,VERB_INF,VERB_INF,VERB_INF,
unplug,déboutonner,sɔdi (a),a,sod-i,,sod-,i,VERB_INF,VERB_INF,VERB_INF,
unplug,débrancher,tii (a),a,ti-i,,ti-,i,VERB_INF,VERB_INF,VERB_INF,
unplug,débrider,suli (a),a,sul-i,,sul-,i,VERB_INF,VERB_INF,VERB_INF,
debrief,débriefer,síli (a),a,sil-i,,sil-,i,VERB_INF,VERB_INF,VERB_INF,
débrouiller,débrouiller,fúbu (a),a,fub-u,,fub-,u,VERB_INF,VERB_INF,VERB_INF,
débrouiller (se),débrouiller (se),bíman (a),a,bim-an,,bim-,an,VERB_INF,VERB_INF,VERB_INF,
débrouailler,débroussailler,kpai (a),a,kpa-i,,kpa-,i,VERB_INF,VERB_INF,VERB_INF,
débucher,débucher,bumi (a),a,bum-i,,bum-,i,VERB_INF,VERB_INF,VERB_INF,
débucher,débucher,kəm (a),a,këm,,këm,ø,VERB_INF,VERB_INF,VERB_INF,
flush out,débusquer,bumi (a),a,bum-i,,bum-,i,VERB_INF,VERB_INF,VERB_INF,
to flush out game,débusquer un gibier,vali (a),a,val-i,,val-,i,VERB_INF,VERB_INF,VERB_INF,
start,débuter,kái (a),a,ka-i,,ka-,i,VERB_INF,VERB_INF,VERB_INF,
start,débuter,tíe (a),a,ti-e,,ti-,e,VERB_INF,VERB_INF,VERB_INF,
unseal,décacheter,yái (a),a,ya-i,,ya-,i,VERB_INF,VERB_INF,VERB_INF,
disburse,décaisser,kwí (a),a,kwi,,kwi,ø,VERB_INF,VERB_INF,VERB_INF,
shift,décaler,súli (a),a,sul-i,,sul-,i,VERB_INF,VERB_INF,VERB_INF,
shift,décalotter,tɔn (a),a,tòn,,tòn,ø,VERB_INF,VERB_INF,VERB_INF,
shift,décalquer,wɔ́di (a),a,wòd-i,,wòd-,i,VERB_INF,VERB_INF,VERB_INF,
decamper,décamper,lóm (a),a,lom,,lom,ø,VERB_INF,VERB_INF,VERB_INF,
decamper,décamper,bánga (a),a,bang-a,,bang-,a,VERB_INF,VERB_INF,VERB_INF,
decanter,décanter,bindi (a),a,bind-i,,bind-,i,VERB_INF,VERB_INF,VERB_INF,
decant,décanter (se),ngəŋəlan (a),a,ngëṅ-ël-an,,ngëṅ-,ël-an,VERB_INF,VERB_INF,VERB_INF,
decant,décaper,fími (a),a,fim-i,,fim-,i,VERB_INF,VERB_INF,VERB_INF,
strip,décaper,wóe (a),a,woe,,woe,ø,VERB_INF,VERB_INF,VERB_INF,
curve,courber,kúd (a),a,kud,,kud,ø,VERB_INF,VERB_INF,VERB_INF,
decapulate,décapsuler,tyé (a),a,tye,,tye,ø,VERB_INF,VERB_INF,VERB_INF,
uncap,décapuchonner,yái (a),a,yai,,yai,ø,VERB_INF,VERB_INF,VERB_INF,
decapitate,décarcasser (se),bíman (a),a,bim-an,,bim-,an,VERB_INF,VERB_INF,VERB_INF,
decatir,décatir,bɔ́b (a),a,bòb,,bòb,ø,VERB_INF,VERB_INF,VERB_INF,
decapitate,décatir (se),bɔbɔlan (a),a,bob-ol-an,,bob-,ol-an,VERB_INF,VERB_INF,VERB_INF,
decauser,décauser,sə́ŋ (a),a,sëṅ,,sëṅ,ø,VERB_INF,VERB_INF,VERB_INF,
die,décéder,dzəgan (a),a,dzëg-an,,dzëg-,an,VERB_INF,VERB_INF,VERB_INF,
die,décéder,dzəman (a),a,dzëm-an,,dzëm-,an,VERB_INF,VERB_INF,VERB_INF,
decelerate,déceler,sɔm (a),a,sòm,,sòm,ø,VERB_INF,VERB_INF,VERB_INF,
decelerate,décélérer,sigibi (a),a,sig-ib-i,,sig-,ib-i,VERB_INF,VERB_INF,VERB_INF,
decentralise,décentraliser,lóm (a),a,lom,,lom,ø,VERB_INF,VERB_INF,VERB_INF,
decentralise,décentraliser,bə́nge (a),a,bëng-e,,bëng-,e,VERB_INF,VERB_INF,VERB_INF,
decentralize,décentrer,kab (a),a,kab,,kab,ø,VERB_INF,VERB_INF,VERB_INF,
discern,décerner,fúan (a),a,fu-an,,fu-,an,VERB_INF,VERB_INF,VERB_INF,
disappoint,décevoir,dí (a),a,di,,di,ø,VERB_INF,VERB_INF,VERB_INF,
disappoint,décevoir,bóm (a),a,bom,,bom,ø,VERB_INF,VERB_INF,VERB_INF,
unleash,déchaîner (se),fam (a),a,fam,,fam,ø,VERB_INF,VERB_INF,VERB_INF,
unload,décharger,dzu (a),a,dzu,,dzu,ø,VERB_INF,VERB_INF,VERB_INF,
discharge a weapon,décharger une arme,woa (a),a,wo-a,,wo-,a,VERB_INF,VERB_INF,VERB_INF,
unload,décharner,kóde (a),a,kod-e,,kod-,e,VERB_INF,VERB_INF,VERB_INF,
unchain,déchaumer,tyé (a),a,tye,,tye,ø,VERB_INF,VERB_INF,VERB_INF,
remove shoes,déchausser,fumi (a),a,fum-i,,fum-,i,VERB_INF,VERB_INF,VERB_INF,
to take off one's shoes,déchausser (se),lugi (a),a,lug-i,,lug-,i,VERB_INF,VERB_INF,VERB_INF,
decipher,déchiffrer,fɛd (a),a,fèd,,fèd,ø,VERB_INF,VERB_INF,VERB_INF,
shred,déchiqueter,lamanda (a),a,lam-and-a,,lam-,and-a,VERB_INF,VERB_INF,VERB_INF,
tear,déchirer,kpái (a),a,kpa-i,,kpa-,i,VERB_INF,VERB_INF,VERB_INF,
to tear,déchirer (se),nyabi (a),a,nyab-i,,nyab-,i,VERB_INF,VERB_INF,VERB_INF,
decide,décider,bénde (a),a,bend-e,,bend-,e,VERB_INF,VERB_INF,VERB_INF,
decide,décider,dzɔ́s (a),a,dzòs,,dzòs,ø,VERB_INF,VERB_INF,VERB_INF,
decide,décider (se),tɔ́b (a),a,tòb,,tòb,ø,VERB_INF,VERB_INF,VERB_INF,
declaim,déclamer,táŋan (a),a,taṅ-an,,taṅ-,an,VERB_INF,VERB_INF,VERB_INF,
declare,déclarer,bə́lə (a),a,bël-ë,,bël-,ë,VERB_INF,VERB_INF,VERB_INF,
trigger,déclencher,bî (a),a,bi,,bi,ø,VERB_INF,VERB_INF,VERB_INF,
trigger,déclencher (se),kɔ́li (a),a,kòl-i,,kòl-,i,VERB_INF,VERB_INF,VERB_INF,
decline,décliner,bɛn (a),a,bèn,,bèn,ø,VERB_INF,VERB_INF,VERB_INF,
decline,déclouer,kóbe (a),a,kob-e,,kob-,e,VERB_INF,VERB_INF,VERB_INF,
uncheck,décocher,woa (a),a,woa,,woa,ø,VERB_INF,VERB_INF,VERB_INF,
decode,décoder,láŋ (a),a,laṅ,,laṅ,ø,VERB_INF,VERB_INF,VERB_INF,
unstuck,décoincer,sui (a),a,sui,,sui,ø,VERB_INF,VERB_INF,VERB_INF,
take off,décoller,bɔi (a),a,bòi,,bòi,ø,VERB_INF,VERB_INF,VERB_INF,
unstuck,décoller (se),kóbe (a),a,kob-e,,kob-,e,VERB_INF,VERB_INF,VERB_INF,
unglue,décolleter,yái (a),a,yai,,yai,ø,VERB_INF,VERB_INF,VERB_INF,
decolorise,décolorer,bɔ́b (a),a,bòb,,bòb,ø,VERB_INF,VERB_INF,VERB_INF,
decolourise,décolorer (se),bɔ́bɔlan (a),a,bòb-ol-an,,bòb-,ol-an,VERB_INF,VERB_INF,VERB_INF,
decommission,décommander,tod (a),a,tod,,tod,ø,VERB_INF,VERB_INF,VERB_INF,
decommission,décommettre,tii (a),a,ti-i,,ti-,i,VERB_INF,VERB_INF,VERB_INF,
decomplex,décomplexer,sóan (a),a,so-an,,so-,an,VERB_INF,VERB_INF,VERB_INF,
decomplexify,décomplexifier,byandi (a),a,byand-i,,byand-,i,VERB_INF,VERB_INF,VERB_INF,
decompose,décomposer,bɛ (a),a,bè,,bè,ø,VERB_INF,VERB_INF,VERB_INF,
decompose,décomposer (se),boe (a),a,boe,,boe,ø,VERB_INF,VERB_INF,VERB_INF,
decompress,décompresser,sóan (a),a,so-an,,so-,an,VERB_INF,VERB_INF,VERB_INF,
decompress,décompresser,wai (a),a,wai,,wai,ø,VERB_INF,VERB_INF,VERB_INF,
decompress,décomprimer,sóan (a),a,so-an,,so-,an,VERB_INF,VERB_INF,VERB_INF,
decompress,décomprimer,wai (a),a,wai,,wai,ø,VERB_INF,VERB_INF,VERB_INF,
decount,décompter,sui (a),a,su-i,,su-,i,VERB_INF,VERB_INF,VERB_INF,
deconcentrate,déconcentrer,kab (a),a,kab,,kab,ø,VERB_INF,VERB_INF,VERB_INF,
relax,déconcerter,dəme (a),a,dëm-e,,dëm-,e,VERB_INF,VERB_INF,VERB_INF,
decongest,décongestionner,vaa (a),a,va-a,,va-,a,VERB_INF,VERB_INF,VERB_INF,
disconnect,déconnecter,tii (a),a,tii,,tii,ø,VERB_INF,VERB_INF,VERB_INF,
discourage,déconseiller,dzəge (a),a,dzë-g-e,,dzë-,ge,VERB_INF,VERB_INF,VERB_INF,
deconsider,déconsidérer,sáma (a),a,sam-a,,sam-,a,VERB_INF,VERB_INF,VERB_INF,
deconstruct,déconstruire,tsam (a),a,tsam,,tsam,ø,VERB_INF,VERB_INF,VERB_INF,
decontaminate,décontaminer,sob (a),a,sob,,sob,ø,VERB_INF,VERB_INF,VERB_INF,
decontaminate,décontaminer,fúbu (a),a,fub-u,,fub-,u,VERB_INF,VERB_INF,VERB_INF,
decontent,décontecer,dəme (a),a,dëm-e,,dëm-,e,VERB_INF,VERB_INF,VERB_INF,
deconstruct,décontecer (se),wɔ́b (a),a,wòb,,wòb,ø,VERB_INF,VERB_INF,VERB_INF,
décontecer (se),décontecer (se),wúb (a),a,wub,,wub,ø,VERB_INF,VERB_INF,VERB_INF,
décontracter,décontracter,sóan (a),a,so-an,,so-,an,VERB_INF,VERB_INF,VERB_INF,
decorder,décorder,tii (a),a,ti-i,,ti-,i,VERB_INF,VERB_INF,VERB_INF,
decorate,décorer,dzaman (a),a,dzam-an,,dzam-,an,VERB_INF,VERB_INF,VERB_INF,
decorate,décortiquer,fas (a),a,fas,,fas,ø,VERB_INF,VERB_INF,VERB_INF,
unravel,découdre,sɔ́di (a),a,sòd-i,,sòd-,i,VERB_INF,VERB_INF,VERB_INF,
detach,découdre,kpái (a),a,kpa-i,,kpa-,i,VERB_INF,VERB_INF,VERB_INF,
decoupage,découdre (se),kúlan (a),a,kul-an,,kul-,an,VERB_INF,VERB_INF,VERB_INF,
decoupage,découler,sɔ́ (a),a,sò,,sò,ø,VERB_INF,VERB_INF,VERB_INF,
decoupage,découper,bə́nge (a),a,bëng-e,,bëng-,e,VERB_INF,VERB_INF,VERB_INF,
cut out,découper (se),səgədan (a),a,sëg-ëd-an,,sëg-,ëd-an,VERB_INF,VERB_INF,VERB_INF,
discourage,décourager,dzəge (a),a,dzëg-e,,dzëg-,e,VERB_INF,VERB_INF,VERB_INF,
discourage,décourager (se),təgəbə (a),a,tëg-ëb-ë,,tëg-,ëb-ë,VERB_INF,VERB_INF,VERB_INF,
discourage,découronner,tsíg (a),a,tsig,,tsig,ø,VERB_INF,VERB_INF,VERB_INF,
discover,découvrir,kə́m (a),a,këm,,këm,ø,VERB_INF,VERB_INF,VERB_INF,
discover,découvrir,bɔi (a),a,bòi,,bòi,ø,VERB_INF,VERB_INF,VERB_INF,
clean,découvrir (se),ngyan (a),a,ngyan,,ngyan,ø,VERB_INF,VERB_INF,VERB_INF,
decredit,décrasser,fúbu (a),a,fub-u,,fub-,u,VERB_INF,VERB_INF,VERB_INF,
decree,décréditer,sáma (a),a,sam-a,,sam-,a,VERB_INF,VERB_INF,VERB_INF,
decree,décrêper,kɔg (a),a,kòg,,kòg,ø,VERB_INF,VERB_INF,VERB_INF,
decry,décréter,bénde (a),a,bende,,bende,ø,VERB_INF,VERB_INF,VERB_INF,
describe,décrier,búg (a),a,bug,,bug,ø,VERB_INF,VERB_INF,VERB_INF,
relax,décrire,kad (a),a,kad,,kad,ø,VERB_INF,VERB_INF,VERB_INF,
unhook,décrisper,sóan (a),a,so-an,,so-,an,VERB_INF,VERB_INF,VERB_INF,
pick up,décroccher,tə́le (a),a,tële,,tël-,e,VERB_INF,VERB_INF,VERB_INF,
pick up,décrocher,dzoge (a),a,dzoge,,dzog-e-,e,VERB_INF,VERB_INF,VERB_INF,
unhook,décrocher,bi (a),a,bi,,bi,ø,VERB_INF,VERB_INF,VERB_INF,
unhook,décrocher (se),sɔdan (a),a,sod-an,,sod-,an,VERB_INF,VERB_INF,VERB_INF,
pick up (telephone),dégrafer,kpái (a),a,kpa-i,,kpa-,i,VERB_INF,VERB_INF,VERB_INF,
pick up,décrocher (téléphone),nɔŋ (a),a,noṅ,,noṅ,ø,VERB_INF,VERB_INF,VERB_INF,
unhook,décroître,bɔdɔ (a),a,bod-o,,bod-,o,VERB_INF,VERB_INF,VERB_INF,
pick up,décroître (se),səgan (a),a,sëg-an,,sëg-,an,VERB_INF,VERB_INF,VERB_INF,
decrypt,décrotter,fími (a),a,fim-i,,fim-,i,VERB_INF,VERB_INF,VERB_INF,
tenfold,décrypter,fɛd (a),a,fèd,,fèd,ø,VERB_INF,VERB_INF,VERB_INF,
disdain,décupler,béde (a),a,bed-e,,bed-,e,VERB_INF,VERB_INF,VERB_INF,
dedicate,dédaigner,bɛn (a),a,bèn,,bèn,ø,VERB_INF,VERB_INF,VERB_INF,
dedicate,dédicacer,yíni (a),a,yin-i,,yin-,i,VERB_INF,VERB_INF,VERB_INF,
dedicate,dédicacer,bə́nge (a),a,bëng-e,,bëng-,e,VERB_INF,VERB_INF,VERB_INF,
dedicate,dédier,fái (a),a,fa-i,,fa-,i,VERB_INF,VERB_INF,VERB_INF,
disdain,dédier,bə́nge (a),a,bëng-e,,bëng-,e,VERB_INF,VERB_INF,VERB_INF,
to dedicate,dédire,dɔli (a),a,dòl-i,,dòl-,i,VERB_INF,VERB_INF,VERB_INF,
compensate,dédire (se),kyé (a),a,kye,,kye,ø,VERB_INF,VERB_INF,VERB_INF,
clear,dédommager,dzian (a),a,dzi-an,,dzi-,an,VERB_INF,VERB_INF,VERB_INF,
double,dédouaner,kode (a),a,kod-e,,kod-,e,VERB_INF,VERB_INF,VERB_INF,
de-dramatise,dédoubler,sal (a),a,sal,,sal,ø,VERB_INF,VERB_INF,VERB_INF,
deduct,dédramatiser,byandi (a),a,byandi,,byandi,ø,VERB_INF,VERB_INF,VERB_INF,
fail,déduire,dzɔmi (a),a,dzòm-i,,dzòm-,i,VERB_INF,VERB_INF,VERB_INF,
undo,défaillir,dzə́man (a),a,dzëm-an,,dzëm-,an,VERB_INF,VERB_INF,VERB_INF,
undo,défaire,sɔ́di (a),a,sòd-i,,sòd-,i,VERB_INF,VERB_INF,VERB_INF,
undo,défaire,búg (a),a,bug,,bug,ø,VERB_INF,VERB_INF,VERB_INF,
undo,défaire (se),bə́ge (a),a,bëg-e,,bëg-,e,VERB_INF,VERB_INF,VERB_INF,
dispose,défaire (se),wɔ́i (a),a,wò-i,,wò-,i,VERB_INF,VERB_INF,VERB_INF,
deduct,défalquer,sui (a),a,su-i,,su-,i,VERB_INF,VERB_INF,VERB_INF,
revitalise,défatiguer,wai (a),a,wa-i,,wa-,i,VERB_INF,VERB_INF,VERB_INF,
unveil,défaufiler,kpái (a),a,kpa-i,,kpa-,i,VERB_INF,VERB_INF,VERB_INF,
undo,défaufiler,lénde (a),a,lend-e,,lend-,e,VERB_INF,VERB_INF,VERB_INF,
disadvantage,défausser,nyui (a),a,nyu-i,,nyu-,i,VERB_INF,VERB_INF,VERB_INF,
defend,défavoriser,bóm (a),a,bom,,bom,ø,VERB_INF,VERB_INF,VERB_INF,
defend,défendre,bín (a),a,bin,,bin,ø,VERB_INF,VERB_INF,VERB_INF,
defecate,défendre (se),yía (a),a,yia,,yia,ø,VERB_INF,VERB_INF,VERB_INF,
defer,déféquer,bindi (a),a,bind-i,,bind-,i,VERB_INF,VERB_INF,VERB_INF,
defecate,déférer,lóm (a),a,lom,,lom,ø,VERB_INF,VERB_INF,VERB_INF,
defleet,déferler (se),dzimbi (a),a,dzimb-i,,dzimb-,i,VERB_INF,VERB_INF,VERB_INF,
defoliate,défeuiller,kudan (a),a,kud-an,,kud-,an,VERB_INF,VERB_INF,VERB_INF,
defibrer,défeuiller,wɔ́i (a),a,wò-i,,wò-,i,VERB_INF,VERB_INF,VERB_INF,
defrost,défibrer,wɔ́i (a),a,wò-i,,wò-,i,VERB_INF,VERB_INF,VERB_INF,
unstring,déficeler,tii (a),a,ti-i,,ti-,i,VERB_INF,VERB_INF,VERB_INF,
defy,défier,dɔɔlɔ (a),a,do-ol-o,,do-,ol-o,VERB_INF,VERB_INF,VERB_INF,
stand up to,défier (se),kəbə (a),a,këb-ë,,këb-,ë,VERB_INF,VERB_INF,VERB_INF,
disfigure,défier (se),bód (a),a,bod,,bod,ø,VERB_INF,VERB_INF,VERB_INF,
disfigure,défigurer,bəbe (a),a,bëb-e,,bëb-,e,VERB_INF,VERB_INF,VERB_INF,
parade,défigurer,vənge (a),a,vëng-e,,vëng-,e,VERB_INF,VERB_INF,VERB_INF,
define,défiler,kende (a),a,kend-e,,kend-,e,VERB_INF,VERB_INF,VERB_INF,
defiscate,définir,kad (a),a,kad,,kad,ø,VERB_INF,VERB_INF,VERB_INF,
deflagrate,défiscaliser,dzu (a),a,dzu,,dzu,ø,VERB_INF,VERB_INF,VERB_INF,
deflect,déflagrer,bám (a),a,bam,,bam,ø,VERB_INF,VERB_INF,VERB_INF,
enlarge,défléchir,bái (a),a,ba-i,,bai-,i,VERB_INF,VERB_INF,VERB_INF,
deflower,élargir,ndámi (a),a,ndam-i,,ndam-,i,VERB_INF,VERB_INF,VERB_INF,
deflate,déflorer,ndáman (a),a,ndam-an,,ndam-,an,VERB_INF,VERB_INF,VERB_INF,
deflate,défoncer,séne (a),a,sen-e,,sene-,e,VERB_INF,VERB_INF,VERB_INF,
deform,défoncer,dzimbi (a),a,dzimb-i,,dzimb-,i,VERB_INF,VERB_INF,VERB_INF,
agonize,déformer,vúd (a),a,vud,,vud,ø,VERB_INF,VERB_INF,VERB_INF,
distort,agoniser,dug (a),a,dug,,dug,ø,VERB_INF,VERB_INF,VERB_INF,
distort the truth,déformer,dugudu (a),a,dug-ud-u,,dug-,ud-u,VERB_INF,VERB_INF,VERB_INF,
unleash,déformer la vérité,vənge (a),a,vëng-e,,vëng-,e,VERB_INF,VERB_INF,VERB_INF,
defresh,défouler,soan (a),a,so-an,,so-,an,VERB_INF,VERB_INF,VERB_INF,
defraud,défraîchir,bɔb (a),a,bob,,bob,ø,VERB_INF,VERB_INF,VERB_INF,
defray,défraîchir (se),sas (a),a,sas,,sas,ø,VERB_INF,VERB_INF,VERB_INF,
to clear with care,défrayer,táŋ (a),a,taṅ,,taṅ,ø,VERB_INF,VERB_INF,VERB_INF,
season,défricher avec soin,kidi (a),a,kid-i,,kid-,i,VERB_INF,VERB_INF,VERB_INF,
defripe,assaisonner,kidi (a),a,kid-i,,kid-,i,VERB_INF,VERB_INF,VERB_INF,
remove wrinkles,défriper,kɔg (a),a,kòg,,kòg,ø,VERB_INF,VERB_INF,VERB_INF,
defroncer,défroisser,kɔg (a),a,kòg,,kòg,ø,VERB_INF,VERB_INF,VERB_INF,
clear,défroncer,kɔg (a),a,kòg,,kòg,ø,VERB_INF,VERB_INF,VERB_INF,
to remove,dégager,fámi (a),a,fam-i,,fam-,i,VERB_INF,VERB_INF,VERB_INF,
to clear smoke,dégager (se),fámi (a),a,fam-i,,fam-,i,VERB_INF,VERB_INF,VERB_INF,
draw,dégager de la fumée,túi (a),a,tu-i,,tu-,i,VERB_INF,VERB_INF,VERB_INF,
clear,dégainer,sɔmi (a),a,sòm-i,,sòm-,i,VERB_INF,VERB_INF,VERB_INF,
clear,dégarnir,sɔ́di (a),a,sòd-i,,sòd-,i,VERB_INF,VERB_INF,VERB_INF,
clear,dégarnir,tun (a),a,tun,,tun,ø,VERB_INF,VERB_INF,VERB_INF,
clear,dégauchir,wóe (a),a,woe,,woe,ø,VERB_INF,VERB_INF,VERB_INF,
degenerate,dégauchir,káli (a),a,kal-i,,kal-,i,VERB_INF,VERB_INF,VERB_INF,
disgorge,dégénérer,ndáman (a),a,ndam-an,,ndam-,an,VERB_INF,VERB_INF,VERB_INF,
disgorge,déglutir,min (a),a,min,,min,ø,VERB_INF,VERB_INF,VERB_INF,
disgorge,déglinguer,búg (a),a,bug,,bug,ø,VERB_INF,VERB_INF,VERB_INF,
disgorge,dégobiller,yó (a),a,yo,,yo,ø,VERB_INF,VERB_INF,VERB_INF,
dégommer,dégoiser,kɔ́bɔ (a),a,kòb-ò,,kòb-,o,VERB_INF,VERB_INF,VERB_INF,
deflated (to be),dégommer,bád (a),a,bad,,bad,ø,VERB_INF,VERB_INF,VERB_INF,
deflate,dégonflé (être),védə (a),a,ved-ë,,ved-,ë,VERB_INF,VERB_INF,VERB_INF,
to deflate,dégonfler,ngéd (a),a,nged,,nged,ø,VERB_INF,VERB_INF,VERB_INF,
disgorge,dégonfler (se),ngéd (a),a,nged,,nged,ø,VERB_INF,VERB_INF,VERB_INF,
disgorge,dégorger,kúmundu (a),a,kum-u-nd-u,,kum-,u-nd-u,VERB_INF,VERB_INF,VERB_INF,
get off,dégorger,yó (a),a,yo,,yo,ø,VERB_INF,VERB_INF,VERB_INF,
drip,dégoter,sɔm (a),a,sòm,,sòm,ø,VERB_INF,VERB_INF,VERB_INF,
dégourdir,dégouliner,sigi (a),a,sig-i,,sig-,i,VERB_INF,VERB_INF,VERB_INF,
disgust,dégourdir,budu (a),a,bud-u,,bud-,u,VERB_INF,VERB_INF,VERB_INF,
drip,dégoûter,fəm (a),a,fëm,,fëm,ø,VERB_INF,VERB_INF,VERB_INF,
degrade,dégoutter,dzóle (a),a,dzol-e,,dzol-,e,VERB_INF,VERB_INF,VERB_INF,
to degrade,dégrader,bə́be (a),a,bëb-e,,bëb-,e,VERB_INF,VERB_INF,VERB_INF,
be incomplete,dégrader (se),béan (a),a,be-an,,be-,an,VERB_INF,VERB_INF,VERB_INF,
degrade,être incomplet,sɔd (a),a,sod,,sod,ø,VERB_INF,VERB_INF,VERB_INF,
degrease,dégrafer,sɔdi (a),a,sod-i,,sod-,i,VERB_INF,VERB_INF,VERB_INF,
degrease,dégrafer (se),sɔdan (a),a,sod-an,,sod-,an,VERB_INF,VERB_INF,VERB_INF,
degrever,dégraisser,bɔdɔbɔ (a),a,bod-ob-o,,bod-,ob-o,VERB_INF,VERB_INF,VERB_INF,
tumble,dégrever,tsíg (a),a,tsig,,tsig,ø,VERB_INF,VERB_INF,VERB_INF,
to remove,dégringoler,kɔ́li (a),a,kòl-i,,kòl-,i,VERB_INF,VERB_INF,VERB_INF,
rough up,dégripper,sui (a),a,su-i,,su-,i,VERB_INF,VERB_INF,VERB_INF,
rough up,dégrossir,bɔdɔbɔ (a),a,b-od-ob-o,,bòd-,ob-o,VERB_INF,VERB_INF,VERB_INF,
unbundle,dégrossir,kodo (a),a,kod-o,,kod-,o,VERB_INF,VERB_INF,VERB_INF,
unbundle,dégrouiller (se),vólo (a),a,vol-o,,vol-,o,VERB_INF,VERB_INF,VERB_INF,
déguerpir,dégrouper,kab (a),a,kab,,kab,ø,VERB_INF,VERB_INF,VERB_INF,
déguerpir,déguerpir,lóm (a),a,lom,,lom,ø,VERB_INF,VERB_INF,VERB_INF,
puke,déguerpir,bánga (a),a,bang-a,,bang-,a,VERB_INF,VERB_INF,VERB_INF,
racing,courser,bəǹ (a),a,bën,,bën,ø,VERB_INF,VERB_INF,VERB_INF,
disguise,déguiser,bɔd (a),a,bod,,bod,ø,VERB_INF,VERB_INF,VERB_INF,
disgorge,déguiser,tudú (a),a,tud-u,,tud-,u,VERB_INF,VERB_INF,VERB_INF,
disembowel,déguster,bəse (a),a,bës-e,,bes-,e,VERB_INF,VERB_INF,VERB_INF,
marry,déhotter,kə (a),a,kë,,kë,ø,VERB_INF,VERB_INF,VERB_INF,
deify,se marier,lug (a),a,lug,,lug,ø,VERB_INF,VERB_INF,VERB_INF,
déjeter,déifier,lugu (a),a,lug-u,,lug-,u,VERB_INF,VERB_INF,VERB_INF,
foil,déjeter (se),vúd (a),a,vud,,vud,ø,VERB_INF,VERB_INF,VERB_INF,
dilapidate,déjouer,dəme (a),a,dëm-e,,dëm-,e,VERB_INF,VERB_INF,VERB_INF,
délacer,délabrer (se),ndáman (a),a,ndam-an,,ndam-,an,VERB_INF,VERB_INF,VERB_INF,
unravel,délacer,dəmənde (a),a,dëm-ënd-e,,dëm-,ënd-e,VERB_INF,VERB_INF,VERB_INF,
untie,délacer,sɔdi (a),a,sod-i,,sod-,i,VERB_INF,VERB_INF,VERB_INF,
shear,délainer,búi (a),a,bu-i,,bu-,i,VERB_INF,VERB_INF,VERB_INF,
neglect,délaisser,líg (a),a,lig,,lig,ø,VERB_INF,VERB_INF,VERB_INF,
relax,délasser,fyaǹaba (a),a,fyan-ab-a,,fyaṅ-,ab-a,VERB_INF,VERB_INF,VERB_INF,
relax,délasser (se),wai (a),a,wai,,wai,ø,VERB_INF,VERB_INF,VERB_INF,
wash out,délaver,tsénde (a),a,tsend-e,,tsend-,e,VERB_INF,VERB_INF,VERB_INF,
thin down,délayer,fug (a),a,fug,,fug,ø,VERB_INF,VERB_INF,VERB_INF,
mix,délayer (se),sole (a),a,sol-e,,sol-,e,VERB_INF,VERB_INF,VERB_INF,
delect,délecter,bɛse (a),a,bes-e,,bes-,e,VERB_INF,VERB_INF,VERB_INF,
delight,délecter,dudu (a),a,du-du,,du-,du,VERB_INF,VERB_INF,VERB_INF,
delect,délecter (se),fúi (a),a,fu-i,,fu-,u,VERB_INF,VERB_INF,VERB_INF,
delegate,déléguer,lom (a),a,lom,,lom,ø,VERB_INF,VERB_INF,VERB_INF,
deliberate,délibérer,tsog (a),a,tsog,,tsog,ø,VERB_INF,VERB_INF,VERB_INF,
untie,délier,suli (a),a,sul-i,,sul-,i,VERB_INF,VERB_INF,VERB_INF,
decriminalised,dépénalisé,dzuán (a),a,dzu-an,,dzu-,an,VERB_INF,VERB_INF,VERB_INF,
skinning,dépouiller,bə́bán (a),a,bëb-an,,bëb-,an,VERB_INF,VERB_INF,VERB_INF,
epreciate,déprécier,zɔg (a),a,zog,,zog,ø,VERB_INF,VERB_INF,VERB_INF,
untie,délier,kyábi (a),a,kyabi,,kyabi,ø,VERB_INF,VERB_INF,VERB_INF,
steal,ravir,dali (a),a,dal-i,,dal-,i,VERB_INF,VERB_INF,VERB_INF,
unravel,dénouer,tii (a),a,ti-i,,ti-,i,VERB_INF,VERB_INF,VERB_INF,
detach each other,se détacher mutuellement,tian (a),a,ti-an,,ti-,an,VERB_INF,VERB_INF,VERB_INF,
limit,délimiter,súg (a),a,sug,,sug,ø,VERB_INF,VERB_INF,VERB_INF,
limit,borner,kiǹilan (a),a,kin-il-an,,kin-,il-an,VERB_INF,VERB_INF,VERB_INF,
access,évaluer,vəg (a),a,vëg,,vëg,ø,VERB_INF,VERB_INF,VERB_INF,
draw,tracer,kaǹ (a),a,kan,,kan,ø,VERB_INF,VERB_INF,VERB_INF,
be humiliated,humilier (être),yad (a),a,yad,,yad,ø,VERB_INF,VERB_INF,VERB_INF,
catch,coincer,yádan (a),a,yad-an,,yad-,an,VERB_INF,VERB_INF,VERB_INF,
delineate,délinéamenter,kiǹilan (a),a,kin-il-an,,kin-,il-an,VERB_INF,VERB_INF,VERB_INF,
delirium,divaguer,dɔgɔdɔ (a),a,dog-od-o,,dog-,od-o,VERB_INF,VERB_INF,VERB_INF,
be in a state of frenzy,́être en état de frénésie,fodan (a),a,fod-an,,fod-,an,VERB_INF,VERB_INF,VERB_INF,
get drunk,saouler,sɔg (a),a,sog,,sog,ø,VERB_INF,VERB_INF,VERB_INF,
crumble,émietter,nyuǹulu (a),a,nyun-ul-u,,nyun-,ul-u,VERB_INF,VERB_INF,VERB_INF,
berak,casser,bóe (a),a,boe,,boe,ø,VERB_INF,VERB_INF,VERB_INF,
rough out,démaigrir,bɔdɔbɔ (a),a,bod-ob-o,,bod-,ob-o,VERB_INF,VERB_INF,VERB_INF,
disentangle the hair,démêler les cheveux,fái (a),a,fa-i,,fa-,i,VERB_INF,VERB_INF,VERB_INF,
remain hung,demeurer accroché,sâ (a),a,sa,,sa,ø,VERB_INF,VERB_INF,VERB_INF,
dismiss,démettre,vaa (a),a,va-a,,va-,a,VERB_INF,VERB_INF,VERB_INF,
old-fashioned,démoder,bɔǹɔlɔ (a),a,bon-ol-o,,bon-,ol-o,VERB_INF,VERB_INF,VERB_INF,
get old,vieillir,yombo (a),a,yom-bo,,yom-,bo,VERB_INF,VERB_INF,VERB_INF,
break,briser,búg (a),a,bug,,bug,ø,VERB_INF,VERB_INF,VERB_INF,
destry,démolir,bwé (a),a,bwe,,bwe,ø,VERB_INF,VERB_INF,VERB_INF,
pick,cueillir,kwé (a),a,kwe,,kwe,ø,VERB_INF,VERB_INF,VERB_INF,
waste,gaspiller,dáman (a),a,dam-an,,dam-,an,VERB_INF,VERB_INF,VERB_INF,
unmotivated,démotiver (être),təgəbə (a),a,tëg-ëb-ë,,tëg-,ëb-ë,VERB_INF,VERB_INF,VERB_INF,
destitute,démunir,wɔi (a),a,wo-i,,wo-,i,VERB_INF,VERB_INF,VERB_INF,
demystify,démystifier,fəlan (a),a,fël-an,,fël-,an,VERB_INF,VERB_INF,VERB_INF,
misrepresent,dénaturer,vənge (a),a,vëng-e,,vëng-,e,VERB_INF,VERB_INF,VERB_INF,
stole,dérober,dzíb (a),a,dzib,,dzib,ø,VERB_INF,VERB_INF,VERB_INF,
hate,détester,víni (a),a,vin-i,,vin-,i,VERB_INF,VERB_INF,VERB_INF,
pluck,plumer,fɔn (a),a,fon,,fon,ø,VERB_INF,VERB_INF,VERB_INF,
count,dénombrer,laǹ (a),a,lan,,lan,ø,VERB_INF,VERB_INF,VERB_INF,
densify,densifier,fibi (a),a,fib-i,,fib-,i,VERB_INF,VERB_INF,VERB_INF,
decapitate,décapiter,kéd (a),a,ked,,ked,ø,VERB_INF,VERB_INF,VERB_INF,
nake,dénuder,sɔ́di (a),a,sòd-i,,sòd-,i,VERB_INF,VERB_INF,VERB_INF,
uproot,désoucher,fumi (a),a,fum-i,,fum-,i,VERB_INF,VERB_INF,VERB_INF,
asagerrated,exagérer,nəman (a),a,nëm-an,,nëm-,an,VERB_INF,VERB_INF,VERB_INF,
have enough for,en avoir assez,kád (a),a,kad,,kad,ø,VERB_INF,VERB_INF,VERB_INF,
sticking to one's gun,se braquer,kaŋ (a),a,kaṅ,,kaṅ,ø,VERB_INF,VERB_INF,VERB_INF,
linger,persister,káŋa (a),a,kaṅ-a,,kaṅ-,a,VERB_INF,VERB_INF,VERB_INF,
overtake,dépasser,lod (a),a,lod,,lod,ø,VERB_INF,VERB_INF,VERB_INF,
outdo each other,dépasser (se),lodan (a),a,lod-an,,lod-,an,VERB_INF,VERB_INF,VERB_INF,
move,se bouger,fóŋan (a),a,foṅ-an,,foṅ-,an,VERB_INF,VERB_INF,VERB_INF,
despise,mépriser,byandi (a),a,byand-i,,byand-,i,VERB_INF,VERB_INF,VERB_INF,
help,aider,vɔ́li (a),a,vòl-i,,vòlò-,i,VERB_INF,VERB_INF,VERB_INF,
hit,frapper,bími (a),a,bim-i,,bim-,i,VERB_INF,VERB_INF,VERB_INF,
struggle,se battre,bíman (a),a,bim-an,,bim-,an,VERB_INF,VERB_INF,VERB_INF,
cope with,surmonter,ndə́ŋ (a),a,ndëṅ,,ndëṅ,ø,VERB_INF,VERB_INF,VERB_INF,
to be in the lead,tenir le lead,taŋan (a),a,taṅ-an,,taṅ-,an,VERB_INF,VERB_INF,VERB_INF,
strengthen,affermir,yə̄g (a),a,yëg,,yëg,ø,VERB_INF,VERB_INF,VERB_INF,
wonder,étonner (s'),yə́yan (a),a,yëy-an,,yëg-,an,VERB_INF,VERB_INF,VERB_INF,
break up,morceller,saŋ (a),a,saṅ,,saṅ,ø,VERB_INF,VERB_INF,VERB_INF,
cup,couper,tsîg (a),a,tsig,,tsig,ø,VERB_INF,VERB_INF,VERB_INF,
cry,pleurer,yon (a),a,yon,,yon,ø,VERB_INF,VERB_INF,VERB_INF,
startle,sursauter,sigan (a),a,sig-an,,sig-,an,VERB_INF,VERB_INF,VERB_INF,
serrate,denteler,zaǹ (a),a,zan,,zan,ø,VERB_INF,VERB_INF,VERB_INF,
lisp,zézayer,dzɔb (a),a,dzob,,dzob,ø,VERB_INF,VERB_INF,VERB_INF,
intensify,intensifier,bəgəle (a),a,bëgë-l-e,,bëgë-,le,VERB_INF,VERB_INF,VERB_INF,
promote,promouvoir,kpágada (a),a,kpag-ad-a,,kpag-,ad-a,VERB_INF,VERB_INF,VERB_INF,
popularize,vulgariser,lugusu (a),a,lug-us-u,,lug-,us-u,VERB_INF,VERB_INF,VERB_INF,
Praise,louer,lugu (a),a,lug-u,,lug-,u,VERB_INF,VERB_INF,VERB_INF,
marry,épouser,lug (a),a,lug,,lug,ø,VERB_INF,VERB_INF,VERB_INF,
deconstruct,déconstruire,tsam (a),a,tsam,,tsam,ø,VERB_INF,VERB_INF,VERB_INF,
bear fruit,porter des fruits,wúm (a),a,wum,,wum,ø,VERB_INF,VERB_INF,VERB_INF,
propaganda,faire de la propagande,wúmulu (a),a,wum-ul-u,,wum-,ul-u,VERB_INF,VERB_INF,VERB_INF,
visible (to be),visible (être),yéne (a),a,yen-e,,yen-,e,VERB_INF,VERB_INF,VERB_INF,
roar,vrombir,sog (a),a,sog,,sog,ø,VERB_INF,VERB_INF,VERB_INF,
pierce,transpercer,túb (a),a,tub,,tub,ø,VERB_INF,VERB_INF,VERB_INF,
ooze,suinter,tóé (a),a,toe,,toe,ø,VERB_INF,VERB_INF,VERB_INF,
walk,marcher,wulu (a),a,wul-u,,wul-,u,VERB_INF,VERB_INF,VERB_INF,
wander,errer,ndəǹ (a),a,ndën,,ndën,ø,VERB_INF,VERB_INF,VERB_INF,
float,flotter,yəǹ (a),a,yën,,yën,ø,VERB_INF,VERB_INF,VERB_INF,
vault,voûter (se),kúlubu (a),a,kul-ub-u,,kul-,ub-u,VERB_INF,VERB_INF,VERB_INF,
bend,courber,vúd (a),a,vud,,vud,ø,VERB_INF,VERB_INF,VERB_INF,
pack,emballer,vúgudu (a),a,vug-ud-u,,vug-,ud-u,VERB_INF,VERB_INF,VERB_INF,
protrude,saillir,ngɔnɔbɔ (a),a,ngon-ob-o,,ngon-,ob-o,VERB_INF,VERB_INF,VERB_INF,
overflow,déborder,ngɔnɔ (a),a,ngon-o,,ngon-,o,VERB_INF,VERB_INF,VERB_INF,
convex (to be),convex (être),kukulu (a),a,kuk-ul-u,,kug-,ul-u,VERB_INF,VERB_INF,VERB_INF,
flat on the stomach (to be),à plat ventre (être),bubūdu (a),a,bub-ud-u,,bub-,ud-u,VERB_INF,VERB_INF,VERB_INF,
disguise,dégueuler,yo (a),a,yo,,yo,ø,VERB_INF,VERB_INF,VERB_INF,
wish,souhaiter,tam (a),a,tam,,tam,ø,VERB_INF,VERB_INF,VERB_INF,
do on purpose,faire exprès,vaǹ (a),a,van,,van,ø,VERB_INF,VERB_INF,VERB_INF,
to shame,vouer quelqu'un aux gémonies,bəg (a),a,bëg,,bëg,ø,VERB_INF,VERB_INF,VERB_INF,
humiliate,humilier,samala (a),a,sam-al-a,,sam-,al-a,VERB_INF,VERB_INF,VERB_INF,
to vow,vouer (se),budan (a),a,bud-an,,bud-,an,VERB_INF,VERB_INF,VERB_INF,
vow,vouer,yome (a),a,yom-e,,yom-,e,VERB_INF,VERB_INF,VERB_INF,
choose,choisir,tɔb (a),a,tob,,tob,ø,VERB_INF,VERB_INF,VERB_INF,
vomit,vomir,yo (a),a,yo,,yo,ø,VERB_INF,VERB_INF,VERB_INF,
puke,dégueuler,kúmund u (a),a,kum-und- u,,kum-,nd-u,VERB_INF,VERB_INF,VERB_INF,
flutter,voltiger,kiǹ (a),a,kin,,kin,ø,VERB_INF,VERB_INF,VERB_INF,
to fly (in the air),voler (dans les airs),yəle (a),a,yële,,yële,ø,VERB_INF,VERB_INF,VERB_INF,
care,se soucier,yəb (a),a,yëb,,yëb,ø,VERB_INF,VERB_INF,VERB_INF,
seize,s'emparer,bɔi (a),a,boi,,boi,ø,VERB_INF,VERB_INF,VERB_INF,
steal,dérober,dzib (a),a,dzib,,dzib,ø,VERB_INF,VERB_INF,VERB_INF,
to steal (to take without permission),voler (prendre sans permission),wúb (a),a,wub,,wub,ø,VERB_INF,VERB_INF,VERB_INF,
to be punished,se voir infliger une punition,wúndi (a),a,wund-i,,wund-,i,VERB_INF,VERB_INF,VERB_INF,
speak,parler,kɔbɔ (a),a,kob-o,,kob-,o,VERB_INF,VERB_INF,VERB_INF,
extract,soutirer,díbídí (a),a,dibi-di,,dibi-,di,VERB_INF,VERB_INF,VERB_INF,
kidnap,ravir,lalí (a),a,lal-i,,lal-,i,VERB_INF,VERB_INF,VERB_INF,
neighbour (to be),voisin (être),tság (a),a,tsag,,tsag,ø,VERB_INF,VERB_INF,VERB_INF,
make,fabriquer,kom (a),a,kom,,kom,ø,VERB_INF,VERB_INF,VERB_INF,
constitute,constituer,komodo (a),a,kom-od-o,,kom-,od-o,VERB_INF,VERB_INF,VERB_INF,
build,édifier,komó(o)dán (a),a,komo-(o)d-an,,kom-,od-an,VERB_INF,VERB_INF,VERB_INF,
live on,vivre encore,tála (a),a,tala,,tala,ø,VERB_INF,VERB_INF,VERB_INF,
support,appuyer,bán (a),a,ban,,ban,ø,VERB_INF,VERB_INF,VERB_INF,
fix,fixer,bəm (a),a,bëm,,bëm,ø,VERB_INF,VERB_INF,VERB_INF,
anchor,ancrer,faaba (a),a,faab-a,,faab-,a,VERB_INF,VERB_INF,VERB_INF,
handle,manier,fig (a),a,fig,,fig,ø,VERB_INF,VERB_INF,VERB_INF,
handle,manipuler,figili (a),a,fig-il-i,,fig-,il-i,VERB_INF,VERB_INF,VERB_INF,
visit often,visiter souvent,fəb (a),a,fëb,,fëb,ø,VERB_INF,VERB_INF,VERB_INF,
visit the traps,visiter les pièges,dzii (a),a,dzi-i,,dzi-,i,VERB_INF,VERB_INF,VERB_INF,
search,chercher,dzəǹ (a),a,dzën,,dzën,ø,VERB_INF,VERB_INF,VERB_INF,
visit,visiter,dzɔm (a),a,dzom,,dzom,ø,VERB_INF,VERB_INF,VERB_INF,
look,regarder,bəbə (a),a,bëb-ë,,bëb-,ë,VERB_INF,VERB_INF,VERB_INF,
explore,explorer,fəb (a),a,fëb,,fëb,ø,VERB_INF,VERB_INF,VERB_INF,
walk,marcher,wulu (a),a,wul-u,,wul-,u,VERB_INF,VERB_INF,VERB_INF,
abound,abonder,vú (a),a,vu,,vu,ø,VERB_INF,VERB_INF,VERB_INF,
twirl,virevolter,kiǹ (a),a,kin,,kin,ø,VERB_INF,VERB_INF,VERB_INF,
turn,tourner,kilan (a),a,kil-an,,kil-,an,VERB_INF,VERB_INF,VERB_INF,
veer,virer,lɔn (a),a,lon,,lon,ø,VERB_INF,VERB_INF,VERB_INF,
pour,verser,soe (a),a,soe,,soe,ø,VERB_INF,VERB_INF,VERB_INF,
To turn around,faire demi-tour,kɔd (a),a,kod,,kod,ø,VERB_INF,VERB_INF,VERB_INF,
gravitate,graviter,kpəgəde (a),a,kpëg-ëd-e,,kpëg-,ëd-e,VERB_INF,VERB_INF,VERB_INF,
turn,virage,kɔd (a),a,kod,,kod,ø,VERB_INF,VERB_INF,VERB_INF,
cross,traverser,daŋ (a),a,daṅ,,dan-,a,VERB_INF,VERB_INF,VERB_INF,
committing perjury,commettre un parjure,fiŋili (a),a,fiṅ-il-i,,fin-,fi,VERB_INF,VERB_INF,VERB_INF,
Rape a child,violer un enfant,tan (a),a,tan,,tan,ø,VERB_INF,VERB_INF,VERB_INF,
violate,violer,dun (a),a,dun,,dun,ø,VERB_INF,VERB_INF,VERB_INF,
́being restless,́être agité,yág (a),a,yag,,yag,ø,VERB_INF,VERB_INF,VERB_INF,
season,assaisonner,kid (a),a,kid,,kid,ø,VERB_INF,VERB_INF,VERB_INF,
trap,piéger,lám (a),a,lam,,lam,ø,VERB_INF,VERB_INF,VERB_INF,
pierce,percer,túb (a),a,tub,,tub,ø,VERB_INF,VERB_INF,VERB_INF,
pierce,transpercer,túbulu (a),a,tub-ul-u,,tub-,ul-u,VERB_INF,VERB_INF,VERB_INF,
strengthen,fortifier,tono (a),a,ton-o,,ton-,o,VERB_INF,VERB_INF,VERB_INF,
strengthen,affermir,komodo (a),a,kom-od-o,,kom-,od-o,VERB_INF,VERB_INF,VERB_INF,
distrust,se méfier,kála (a),a,kal-a,,kal-,a,VERB_INF,VERB_INF,VERB_INF,
incline,incliner,lû (a),a,lu,,lu,ø,VERB_INF,VERB_INF,VERB_INF,
́Being withdrawn into oneself,́etre replier sur soi,kulubu (a),a,kul-ub-u,,kul-,ub-u,VERB_INF,VERB_INF,VERB_INF,
age,vieillir,yombo (a),a,yomb-o,,yomb-,o,VERB_INF,VERB_INF,VERB_INF,
thicken,s'épaissir,tig (a),a,tig,,tig,ø,VERB_INF,VERB_INF,VERB_INF,
drain,vidanger,lóg (a),a,log,,log,ø,VERB_INF,VERB_INF,VERB_INF,
victim (to be),victime (être),búdan (a),a,bud-an,,bud-,an,VERB_INF,VERB_INF,VERB_INF,
urinate,uriner,víé (a),a,vie,,vie,ø,VERB_INF,VERB_INF,VERB_INF,
drain,vidanger,sugi (a),a,sug-i,,sug-,i,VERB_INF,VERB_INF,VERB_INF,
able to,capabler,tsɔnɔban (a),a,tson-o-b-an,,tson-,o-b-an,VERB_INF,VERB_INF,VERB_INF,
sin,pécher,səm (a),a,sëm,,sëm,ø,VERB_INF,VERB_INF,VERB_INF,
vibrate,vibrer,tigidan (a),a,tig-id-an,,tig-,id-an,VERB_INF,VERB_INF,VERB_INF,
shake,secouer,suguzu (a),a,sug-uz-u,,sug-,uz-u,VERB_INF,VERB_INF,VERB_INF,
disorganize,désorganiser,vuguzu (a),a,vug-uz-u,,vug-,uz-u,VERB_INF,VERB_INF,VERB_INF,
clothing,vêtir (se),bɔd (a),a,bod,,bod,ø,VERB_INF,VERB_INF,VERB_INF,
dress,s'habiller,dzyé (a),a,dzye,,dzye,ø,VERB_INF,VERB_INF,VERB_INF,
clothe,vêtir,bəgə (a),a,bëg-ë,,bëg-,ë,VERB_INF,VERB_INF,VERB_INF,
clothe,vêtir,bɔdɔ (a),a,bod-o,,bod-,o,VERB_INF,VERB_INF,VERB_INF,
to Twist,vétiller,fɛdan (a),a,fèd-an,,fèd-,an,VERB_INF,VERB_INF,VERB_INF,
pour a liquid,verser un liquide,soe (a),a,so-e,,so-,e,VERB_INF,VERB_INF,VERB_INF,
pour on oneself,verser sur soi,kúban (a),a,kub-an,,kub-,an,VERB_INF,VERB_INF,VERB_INF,
paying your contribution,verser sa contribution,sui (a),a,su-i,,su-,i,VERB_INF,VERB_INF,VERB_INF,
pour one over the other,verser l'un sur l'autre,kúban (a),a,kub-an,,kub-,an,VERB_INF,VERB_INF,VERB_INF,
trickle in,verser au compte goutte,tɔ́ndi (a),a,tònd-i,,tònd-,i,VERB_INF,VERB_INF,VERB_INF,
pour abundantly,verser abondamment,lógos (a),a,logos,,logos,ø,VERB_INF,VERB_INF,VERB_INF,
pour in abundance,verser à profusion,dabada (a),a,dab-ad-a,,dab-,ad-a,VERB_INF,VERB_INF,VERB_INF,
pouring in large streams,verser à grands jets,dzobodo (a),a,dzob-od-o,,dzob-,od-o,VERB_INF,VERB_INF,VERB_INF,
pour in streams,verser à flots,dabad (a),a,dabad,,dabad,ø,VERB_INF,VERB_INF,VERB_INF,
to pour (se),verser (se),kúbi (a),a,kub-i,,kub-,i,VERB_INF,VERB_INF,VERB_INF,
spray,pulvériser,dzódan (a),a,dzod-an,,dzod-,an,VERB_INF,VERB_INF,VERB_INF,
collect liquid,recueillir du liquide,ləŋ (a),a,lëṅ,,lëṅ,ø,VERB_INF,VERB_INF,VERB_INF,
close,fermer,fɛd (a),a,fed,,fed,ø,VERB_INF,VERB_INF,VERB_INF,
plaster,crépir,fén (á),a,fen,,fen,ø,VERB_INF,VERB_INF,VERB_INF,
attest,attester,bóbolo (á),a,bob-ol-o,,bob-,ol-o,VERB_INF,VERB_INF,VERB_INF,
Select,Sélectionner,fyal (á),a,fyal,,fyal,ø,VERB_INF,VERB_INF,VERB_INF,
taste,déguster,kyəge (á),a,kyëg-e,,kyëg-,e,VERB_INF,VERB_INF,VERB_INF,
seize,emparer (s'),wole (a),a,wol-e,,wol-,e,VERB_INF,VERB_INF,VERB_INF,
undergo,subir,wundi (a),a,wund-i,,wund-,i,VERB_INF,VERB_INF,VERB_INF,
reject,rejeter,sas (a),a,sas,,sas,ø,VERB_INF,VERB_INF,VERB_INF,
degrade,dégrader,dáman (a),a,dam-an,,dam-,an,VERB_INF,VERB_INF,VERB_INF,
trade,commercer,tádi (a),a,tad-i,,tad-,i,VERB_INF,VERB_INF,VERB_INF,
start,démarrer,tíege (a),a,tiege,,tie-,ge,VERB_INF,VERB_INF,VERB_INF,
Starting with,à commencer par,tíege (a),a,tie-ge,,tie-,ge,VERB_INF,VERB_INF,VERB_INF,
cheapen,dévaloriser,səǹ (a),a,sën,,sën,ø,VERB_INF,VERB_INF,VERB_INF,
pump,pomper,fóm (a),a,fom,,fom,ø,VERB_INF,VERB_INF,VERB_INF,
purify,dépurer,bindi (a),a,bind-i,,bind-,i,VERB_INF,VERB_INF,VERB_INF,
send,envoyer,lóm (a),a,lom,,lom,ø,VERB_INF,VERB_INF,VERB_INF,
delegate,déléguer,vənge (a),a,vëng-e,,vëng-,e,VERB_INF,VERB_INF,VERB_INF,
uproot,déraciner,fumán (a),a,fum-an,,fum-,an,VERB_INF,VERB_INF,VERB_INF,
stump removal,désoucher,tye (a),a,tye,,tye,ø,VERB_INF,VERB_INF,VERB_INF,
harvest,recolter,fumi (a),a,fum-i,,fum-,i,VERB_INF,VERB_INF,VERB_INF,
exasperate,exaspérer,nyɔdi (a),a,nyòd-i,,nyòd-,i,VERB_INF,VERB_INF,VERB_INF,
perturb,perturber,dzúgulu (a),a,dzug-ul-u,,dzug-,ul-u,VERB_INF,VERB_INF,VERB_INF,
skid,déraper,sendé (a),a,send-e,,send-,e,VERB_INF,VERB_INF,VERB_INF,
breathing his last,rendre son dernier souffle,yíí (a),a,yi-i,,yi-,i,VERB_INF,VERB_INF,VERB_INF,
steal,dérober,bɔ́i (a),a,bò-i,,bò-,i,VERB_INF,VERB_INF,VERB_INF,
disavow,désavouer,sólán (a),a,sol-an,,sol-,an,VERB_INF,VERB_INF,VERB_INF,
strip,dépouiller,sɔ́di (a),a,sòd-i,,sòd-,i,VERB_INF,VERB_INF,VERB_INF,
untie,détacher,wɔ́i (a),a,wò-i,,wò-,i,VERB_INF,VERB_INF,VERB_INF,
pick,cueillir,kɔ́li (a),a,kòl-i,,kòl-,i,VERB_INF,VERB_INF,VERB_INF,
unhook,décrocher,tábi (a),a,tab-i,,tab-,i,VERB_INF,VERB_INF,VERB_INF,
untie,détacher,tii (a),a,ti-i,,ti-,i,VERB_INF,VERB_INF,VERB_INF,
fall,chuter,ku (a),a,ku,,ku,ø,VERB_INF,VERB_INF,VERB_INF,
tumble,dégringoler,sɔ́dan (a),a,sòd-an,,sòd-,an,VERB_INF,VERB_INF,VERB_INF,
detach from each other,se détacher mutuellement,tian (a),a,ti-an,,ti-,an,VERB_INF,VERB_INF,VERB_INF,
wear,porter,bə́ge (a),a,bëg-e,,bëg-,e,VERB_INF,VERB_INF,VERB_INF,
untangle,démêler,kyábi (a),a,kyab-i,,kyab-,i,VERB_INF,VERB_INF,VERB_INF,
detach abruptly,détacher brusquement (se),lə́ge (a),a,lëg-e,,lëg-,e,VERB_INF,VERB_INF,VERB_INF,
down,abattre,bái (a),a,ba-i,,ba-,i,VERB_INF,VERB_INF,VERB_INF,
quarrel,se disputer,nyaŋan (a),a,nyaṅ-an,,nyaṅ-,an,VERB_INF,VERB_INF,VERB_INF,
count,compter,láŋ (a),a,laṅ,,laṅ,ø,VERB_INF,VERB_INF,VERB_INF,
tug of war,se tirailler,láŋandan (a),a,laṅ-and-an,,laṅ-,and-an,VERB_INF,VERB_INF,VERB_INF,
run away,s'enfuir,bumi (a),a,bum-i,,bum-,i,VERB_INF,VERB_INF,VERB_INF,
flank,flanquer,fubulan (a),a,fub-ul-an,,fub-,ul-an,VERB_INF,VERB_INF,VERB_INF,
détaller,détaller,vali (a),a,val-i,,val-,i,VERB_INF,VERB_INF,VERB_INF,
forgiven,pardonner,dzu (a),a,dzu,,dzu,ø,VERB_INF,VERB_INF,VERB_INF,
detect,détecter,sɔm (a),a,sòm,,sòm,ø,VERB_INF,VERB_INF,VERB_INF,
detect,déteindre,zóle (a),a,zol-e,,zol-,e,VERB_INF,VERB_INF,VERB_INF,
relax,détendre,dəmənde (a),a,dëm-ënd-e,,dëm-,ënd-e,VERB_INF,VERB_INF,VERB_INF,
rest,reposer (se),wai (a),a,wai,,wai,ø,VERB_INF,VERB_INF,VERB_INF,
adjust,ajuster,nyuan (a),a,nyuan,,nyuan,ø,VERB_INF,VERB_INF,VERB_INF,
have,avoir,bi (a),a,bi,,bi,ø,VERB_INF,VERB_INF,VERB_INF,
keep,conserver,baala (a),a,baal-a,,baal-,a,VERB_INF,VERB_INF,VERB_INF,
hold,détenir,bələ́ (a),a,bël-ë,,bël-ë-,ë,VERB_INF,VERB_INF,VERB_INF,
wedge,coincer,kánga (a),a,kang-a,,kang-,a,VERB_INF,VERB_INF,VERB_INF,
deterioration,deterioration,béán (a),a,be-an,,be-,an,VERB_INF,VERB_INF,VERB_INF,
deteriorate,deteriorate,béan (a),a,be-an,,be-,an,VERB_INF,VERB_INF,VERB_INF,
straighten,redresser,nyui (a),a,nyui,,nyui,ø,VERB_INF,VERB_INF,VERB_INF,
distort,détordre,lími (a),a,lim-i,,lim-,i,VERB_INF,VERB_INF,VERB_INF,
divert from the right path,détourner du droit chemin,lɔan (a),a,lò-an,,lò-,an,VERB_INF,VERB_INF,VERB_INF,
detract,détracter,sɔg (a),a,sòg,,sòg,ø,VERB_INF,VERB_INF,VERB_INF,
criticize,critiquer,dzaa (a),a,dza-a,,dza-,a,VERB_INF,VERB_INF,VERB_INF,
decry,décrier,dzo (a),a,dzo,,dzo,ø,VERB_INF,VERB_INF,VERB_INF,
slander,calomnier,fɔ́b (a),a,fòb,,fòb,ø,VERB_INF,VERB_INF,VERB_INF,
devalue,dévaluer,sə́ŋ (a),a,sëṅ,,sëṅ,ø,VERB_INF,VERB_INF,VERB_INF,
humiliate,humilier,sáma (a),a,sam-a,,sam-,a,VERB_INF,VERB_INF,VERB_INF,
in front of,devancer,lod (a),a,lod,,lod,ø,VERB_INF,VERB_INF,VERB_INF,
open up,s'ouvrir,yómbo (a),a,yomb-o,,yomb-,o,VERB_INF,VERB_INF,VERB_INF,
go sour,devenir aigre,bám (a),a,bam,,bam,ø,VERB_INF,VERB_INF,VERB_INF,
become carrion,devenir charogne,dun (a),a,dun,,dun,ø,VERB_INF,VERB_INF,VERB_INF,
to set ablaze,embraser (s'),fam (a),a,fam,,fam,ø,VERB_INF,VERB_INF,VERB_INF,
to become carrion,devenir charogne,dun (a),a,dun,,dun,ø,VERB_INF,VERB_INF,VERB_INF,
heat up  (referring to the weather),se rechauffer (climat),sas (a),a,sas,,sas,ø,VERB_INF,VERB_INF,VERB_INF,
to warm up,se rechauffer,sai (a),a,sa-i,,sa-,i,VERB_INF,VERB_INF,VERB_INF,
light up,éclaicir (s'),ngəŋəlan (a),a,ngëṅ-ël-an,,ngëṅ-,ël-an,VERB_INF,VERB_INF,VERB_INF,
elucidate,élucider,ngə́ŋəle (a),a,ngëṅ-ël-e,,ngëṅ-,ël-e,VERB_INF,VERB_INF,VERB_INF,
become corpulent,prendre du poids (corpulence),və́m (a),a,vëm,,vëm,ø,VERB_INF,VERB_INF,VERB_INF,
gain courage,s'endurcir,yɔ̂bɔ (a),a,yòb-ò,,yob-,o,VERB_INF,VERB_INF,VERB_INF,
shorten,se raccourcir,tunubu (a),a,tun-ub-u,,tun-,ub-u,VERB_INF,VERB_INF,VERB_INF,
soften,s'adoucir,təg (a),a,tëg,,tëg,ø,VERB_INF,VERB_INF,VERB_INF,
become a dupe,devenir dupe,dugan (a),a,dug-an,,dug-an-,an,VERB_INF,VERB_INF,VERB_INF,
harden,durcir,lɛdə (a),a,led-ë,,led-,ë,VERB_INF,VERB_INF,VERB_INF,
gain experience,gagner en expérience,lán (a),a,lan,,lan,ø,VERB_INF,VERB_INF,VERB_INF,
weaken,s'affaiblir,wúdan (a),a,wud-an,,wud-i-an-,an,VERB_INF,VERB_INF,VERB_INF,
strengthen,fortifier,tig (a),a,tig,,tig,ø,VERB_INF,VERB_INF,VERB_INF,
to panic,affoler (s'),sɔ́g (a),a,sòg,,sòg,ø,VERB_INF,VERB_INF,VERB_INF,
become doddery,devenir gâteux,kúdubu (a),a,kud-ub-u,,kud-,ub-u,VERB_INF,VERB_INF,VERB_INF,
become tall,devenir grand,kúlan (a),a,kul-an,,kul-i-,an,VERB_INF,VERB_INF,VERB_INF,
increase,accroître,vom (a),a,vom,,vom,ø,VERB_INF,VERB_INF,VERB_INF,
enlarge (very),s'agrandir (très),vás (a),a,vas,,vas,ø,VERB_INF,VERB_INF,VERB_INF,
become big and strong,devenir grand et fort,ság (a),a,sag,,sag,ø,VERB_INF,VERB_INF,VERB_INF,
grow,grossir,nénəban (a),a,nen-ëb-an,,nen-,ëb-an,VERB_INF,VERB_INF,VERB_INF,
be out of order,être hors d'usage,yəŋ (a),a,yëṅ,,yëṅ,ø,VERB_INF,VERB_INF,VERB_INF,
come to a standstill,s'immobiliser,lád (a),a,lad,,lad,ø,VERB_INF,VERB_INF,VERB_INF,
become incorrigible,devenir incorrigible,kpə́m (a),a,kpëm,,kpëm,ø,VERB_INF,VERB_INF,VERB_INF,
become inevitable,devenir inévitable,lɔɔban (a),a,loob-an,,loob-,an,VERB_INF,VERB_INF,VERB_INF,
become light,devenir léger,vɛs (a),a,ves,,ves,ø,VERB_INF,VERB_INF,VERB_INF,
lose weight,maigir,lɔgɔlɔ (a),a,log-ol-o,,log-,ol-o,VERB_INF,VERB_INF,VERB_INF,
be suspicious,être méfiant,kəŋəbə (a),a,këṅ-ëb-ë,,këṅ-,ëb-ë,VERB_INF,VERB_INF,VERB_INF,
register to,s'enregistrer à,tiliban (a),a,til-ib-an,,til-,ib-an,VERB_INF,VERB_INF,VERB_INF,
taper,effiler (s'),kód (a),a,kod,,kod,ø,VERB_INF,VERB_INF,VERB_INF,
masting (to become),mâture (devenir),tig (a),a,tig,,tig,ø,VERB_INF,VERB_INF,VERB_INF,
to become thick,prendre de l'épaisseur,tóm (a),a,tom,,tom,ø,VERB_INF,VERB_INF,VERB_INF,
mature,être à point,wé (a),a,we,,we,ø,VERB_INF,VERB_INF,VERB_INF,
mature,mûrir,wólobo (a),a,wol-ob-o,,wol-,ob-o,VERB_INF,VERB_INF,VERB_INF,
blacken,noircir,vín (a),a,vin,,vin,ø,VERB_INF,VERB_INF,VERB_INF,
darken,assombrir (s'),víniban (a),a,vin-ib-an,,vin-,ib-an,VERB_INF,VERB_INF,VERB_INF,
multiply,multiplier (se),bugulu (a),a,bug-ul-u,,bug-,ul-u,VERB_INF,VERB_INF,VERB_INF,
reproduce,reproduire (se),foe (a),a,foe,,foe,ø,VERB_INF,VERB_INF,VERB_INF,
shrink,raccourcir,bɔdɔbɔ (a),a,bod-ob-o,,bod-,ob-o,VERB_INF,VERB_INF,VERB_INF,
worsen,aggraver (s'),tɔgɔbɔ (a),a,tog-ob-o,,tog-,ob-o,VERB_INF,VERB_INF,VERB_INF,
not be very sharp,devenir peu tranchant,tuli (a),a,tul-i,,tul-,i,VERB_INF,VERB_INF,VERB_INF,
brighten up,illuminer (s'),ngyan (a),a,ngyan,,ngyan,ø,VERB_INF,VERB_INF,VERB_INF,
to become more mature,devenir plus mûr,tigibi (a),a,tig-ib-i,,tig-,ib-i,VERB_INF,VERB_INF,VERB_INF,
to become prominent,devenir proéminent,dûbu (a),a,dub-u,,dub-u-,u,VERB_INF,VERB_INF,VERB_INF,
become clean,devenir propre,fúb (a),a,fub,,fub,ø,VERB_INF,VERB_INF,VERB_INF,
enrich,enrichir (s'),bíg (a),a,big,,big,ø,VERB_INF,VERB_INF,VERB_INF,
prosper,prospérer,vú (a),a,vu,,vu,ø,VERB_INF,VERB_INF,VERB_INF,
to become wiser,assagir (s'),kəŋəbə (a),a,këṅ-ëb-ë,,këṅ-,ëb-ë,VERB_INF,VERB_INF,VERB_INF,
dry up (very),assecher (s') (très),bɔŋ (a),a,boṅ,,boṅ,ø,VERB_INF,VERB_INF,VERB_INF,
solidify,solidifier (se),wón (a),a,won,,won,ø,VERB_INF,VERB_INF,VERB_INF,
soften,attendrir (s'),təg (a),a,tëg,,tëg,ø,VERB_INF,VERB_INF,VERB_INF,
become overripe and soft,devenir trop mûr et ramolli,vie (a),a,vie,,vie,ø,VERB_INF,VERB_INF,VERB_INF,
become worm-eaten,devenir vermoulu,dúŋ (a),a,duṅ,,duṅ,ø,VERB_INF,VERB_INF,VERB_INF,
age,vieillir,yombo (a),a,yomb-o,,yomb-,o,VERB_INF,VERB_INF,VERB_INF,
taking volume,prendre du volume,vuan (a),a,vu-an,,vu-,an,VERB_INF,VERB_INF,VERB_INF,
defilement,dévergondage,sog (a),a,sog,,sog,ø,VERB_INF,VERB_INF,VERB_INF,
disgorge,dévergondage,yás (a),a,yas,,yas,ø,VERB_INF,VERB_INF,VERB_INF,
deviant,dévergondé,sog (bi),bi,sog,,sog,ø,VERB_INF,VERB_INF,VERB_INF,
unlock,déverrouiller,yái (a),a,ya-i,,ya-,a,VERB_INF,VERB_INF,VERB_INF,
spill,déversement,kúbú (a),a,kub-u,,kub-,u,VERB_INF,VERB_INF,VERB_INF,
spreading,épandage,soé (a),a,so-e,,so-,e,VERB_INF,VERB_INF,VERB_INF,
diffluer,diffluer,dzobodo (a),a,dzob-od-o,,dzob-,od-o,VERB_INF,VERB_INF,VERB_INF,
pour,verser,soe (a),a,soe,,soe,ø,VERB_INF,VERB_INF,VERB_INF,
to spill,déverser (se),dabada (a),a,dab-ad-a,,dab-,ad-a,VERB_INF,VERB_INF,VERB_INF,
drain,écouler (s'),suman (a),a,sum-an,,sum-,an,VERB_INF,VERB_INF,VERB_INF,
undress,dévêtir (se),sɔdi (a),a,sod-i,,sod-,i,VERB_INF,VERB_INF,VERB_INF,
undressed,dévêtu,mvómóló (a),a,mvom-ol-o,,mvom-,ol-o,VERB_INF,VERB_INF,VERB_INF,
undressed,déshabillé,nəŋəlé (a),a,nëṅ-ël-e,në,-nëṅ,ø,VERB_INF,VERB_INF,VERB_INF,
unwind,dévider,figili (a),a,fig-il-i,,fig-,il-i,VERB_INF,VERB_INF,VERB_INF,
widen,élargir,ndami (a),a,ndam-i,,ndam-,i,VERB_INF,VERB_INF,VERB_INF,
becomes acid,devient acide,saŋaba (a),a,saṅ-ab-a,,saṅ-,ab-a,VERB_INF,VERB_INF,VERB_INF,
divert,dévier,bái (a),a,bai,,bai,ø,VERB_INF,VERB_INF,VERB_INF,
divert,détourner,fə́ŋ (a),a,fëṅ,,fëṅ,ø,VERB_INF,VERB_INF,VERB_INF,
arch,arquer,kə́ŋə (a),a,këṅ-ë,,këṅ-,ë,VERB_INF,VERB_INF,VERB_INF,
deport,déporter,kɔ́d (a),a,kòd,,kòd,ø,VERB_INF,VERB_INF,VERB_INF,
sink,sombrer,lɔ́n (a),a,lòn,,lòn,ø,VERB_INF,VERB_INF,VERB_INF,
avoid,éviter,sâla (a),a,sal-a,,sal-,a,VERB_INF,VERB_INF,VERB_INF,
deport,déporter,tɔ́n (a),a,tòn,,tòn,ø,VERB_INF,VERB_INF,VERB_INF,
diverge,diverger,víe (a),a,vie,,vie,ø,VERB_INF,VERB_INF,VERB_INF,
bifurcate,bifurquer,yála (a),a,yal-a,,yal-,a,VERB_INF,VERB_INF,VERB_INF,
drift,dériver,yə́g (a),a,yëg,,yëg,ø,VERB_INF,VERB_INF,VERB_INF,
guess,deviner,bód (a),a,bod,,bod,ø,VERB_INF,VERB_INF,VERB_INF,
believe,croire,búni (a),a,bun-i,,bun-i-,i,VERB_INF,VERB_INF,VERB_INF,
predict,prédire,did (a),a,did,,did,ø,VERB_INF,VERB_INF,VERB_INF,
detect,déceler,dzî (a),a,dzi,,dzi,ø,VERB_INF,VERB_INF,VERB_INF,
decipher,déchiffrer,kɔbɔlɔ (a),a,kòbòl-ò,,kòbòl-,o,VERB_INF,VERB_INF,VERB_INF,
sniff,flairer,vəg (a),a,vëg,,vëg,ø,VERB_INF,VERB_INF,VERB_INF,
riddle,deviner,ndombo (a),a,ndomb-o,,ndomb-,o,VERB_INF,VERB_INF,VERB_INF,
estimate,devis,fóg (a),a,fog,,fog,ø,VERB_INF,VERB_INF,VERB_INF,
stare,dévisager,big (a),a,big,,big,ø,VERB_INF,VERB_INF,VERB_INF,
look,regarder,bəbə (a),a,bë-bë,,bë-,bë,VERB_INF,VERB_INF,VERB_INF,
stare,dévisager,sóe (a),a,soe,,soe,ø,VERB_INF,VERB_INF,VERB_INF,
converse,deviser,kadan (a),a,kad-an,,kad-an-,an,VERB_INF,VERB_INF,VERB_INF,
speak,parler,kɔ́bɔ (a),a,kòb-ò,,kòb-ò-,o,VERB_INF,VERB_INF,VERB_INF,
confer,conferer,koe (a),a,koe,,koe,ø,VERB_INF,VERB_INF,VERB_INF,
rouse,ameuter,lɛ̂ (a),a,lè,,lè,ø,VERB_INF,VERB_INF,VERB_INF,
discuss,discuter,moe (a),a,moe,,moe,ø,VERB_INF,VERB_INF,VERB_INF,
harangue,haranguer,tɔŋɔlɔ (a),a,toṅ-ol-o,,toṅ-,ol-o,VERB_INF,VERB_INF,VERB_INF,
to chat colloquially,deviser familièrement,lɛan (a),a,le-an,,le-,an,VERB_INF,VERB_INF,VERB_INF,
disintegrate,désagréger,dí (a),a,di,,di,ø,VERB_INF,VERB_INF,VERB_INF,
disseminate,disséminer,nyuŋ (a),a,nyuṅ,,nyuṅ,ø,VERB_INF,VERB_INF,VERB_INF,
segment,segmenter,səŋ (a),a,sëṅ,,sëṅ,ø,VERB_INF,VERB_INF,VERB_INF,
debit,débiter,tyé (a),a,tye,,tye,ø,VERB_INF,VERB_INF,VERB_INF,
detox,désaliéner,soe (a),a,soe,,soe,ø,VERB_INF,VERB_INF,VERB_INF,
to quench,désaltérer (se),kon (a),a,kon,,kon,ø,VERB_INF,VERB_INF,VERB_INF,
quench,étancher,nyú (a),a,nyu,,nyu,ø,VERB_INF,VERB_INF,VERB_INF,
soothe,apaiser,vɔli (a),a,vol-i,,vol-i-,i,VERB_INF,VERB_INF,VERB_INF,
désaper,désaper (se),sɔdi (a),a,sod-i,,sod-i-,i,VERB_INF,VERB_INF,VERB_INF,
disappoint,désappointer,bóm (a),a,bom,,bom,ø,VERB_INF,VERB_INF,VERB_INF,
depress,dépiter,wɔ́b (a),a,wòb,,wòb,ø,VERB_INF,VERB_INF,VERB_INF,
disappoint,désappointer,wúb (a),a,wub,,wub,ø,VERB_INF,VERB_INF,VERB_INF,
unlearn,désapprendre,vóan (a),a,vo-an,,vo-,an,VERB_INF,VERB_INF,VERB_INF,
disapprove,désapprouver,dzo (a),a,dzo,,dzo,ø,VERB_INF,VERB_INF,VERB_INF,
reject,rejeter,kin (a),a,kin,,kin,ø,VERB_INF,VERB_INF,VERB_INF,
contest,contester,síe (a),a,sie,,sie,ø,VERB_INF,VERB_INF,VERB_INF,
disapprove,désapprouver,dzaa (a),a,dza-a,,dza-,a,VERB_INF,VERB_INF,VERB_INF,
piaffe,piaffer,fyás (a),a,fyas,,fyas,ø,VERB_INF,VERB_INF,VERB_INF,
bewilder,désarçonner,dəme (a),a,dëm-e,,dëm-,e,VERB_INF,VERB_INF,VERB_INF,
disarm,désarmer,vɔ́li (a),a,vòl-i,,vòl-,i,VERB_INF,VERB_INF,VERB_INF,
riper,riper,tii (a),a,ti-i,,ti-i-,i,VERB_INF,VERB_INF,VERB_INF,
désarrimer,désarrimer,tyé (a),a,tye,,tye,ø,VERB_INF,VERB_INF,VERB_INF,
désarrimer,désarrimer,sɔ́di (a),a,sòd-i,,sòd-,i,VERB_INF,VERB_INF,VERB_INF,
disarticulate,désarticuler,foǹan (a),a,fon-an,,fon-,an,VERB_INF,VERB_INF,VERB_INF,
dislocate,déboîter,sɔdi (a),a,sod-i,,sod-,i,VERB_INF,VERB_INF,VERB_INF,
dismantle,démancher,wɔi (a),a,wo-i,,wo-,i,VERB_INF,VERB_INF,VERB_INF,
disassemble,desassembler,kode (a),a,kod-e,,kod-,e,VERB_INF,VERB_INF,VERB_INF,
reduce,amoindrir,kándi (a),a,kand-i,,kand-,i,VERB_INF,VERB_INF,VERB_INF,
disassemble,démonter,sɔ́di (a),a,sòd-i,,sòd-,i,VERB_INF,VERB_INF,VERB_INF,
disjoint,disjoindre,tii (a),a,ti-i,,ti-,i,VERB_INF,VERB_INF,VERB_INF,
extirpate,extirper,tyé (a),a,tye,,tye,ø,VERB_INF,VERB_INF,VERB_INF,
disassort,désassortir,sɔ́di (a),a,sòd-i,,sòd-,i,VERB_INF,VERB_INF,VERB_INF,
torpedo,torpiller,dí (a),a,di,,di,ø,VERB_INF,VERB_INF,VERB_INF,
disadvantage,désavantager,bóm (a),a,bom,,bom,ø,VERB_INF,VERB_INF,VERB_INF,
outrage,outrager,kɔbɔlɔ (a),a,kob-ol-o,,kob-,ol-o,VERB_INF,VERB_INF,VERB_INF,
cause damage,causer préjudice,wɔb (a),a,wob,,wob,ø,VERB_INF,VERB_INF,VERB_INF,
go down,descendre,sigi (a),a,sig-i,,sig-,i,VERB_INF,VERB_INF,VERB_INF,
lower,abaisser,sus (a),a,sus,,sus,ø,VERB_INF,VERB_INF,VERB_INF,
to go down a slope,descendre une pente,wɔndi (a),a,wond-i,,wond-,i,VERB_INF,VERB_INF,VERB_INF,
descerner,descerner,yéne (a),a,yen-e,,yen-,e,VERB_INF,VERB_INF,VERB_INF,
disembedded,désembourber,vui (a),a,vu-i,,vu-,i,VERB_INF,VERB_INF,VERB_INF,
helpless (to be),désemparé (être),talá (a),a,tal-a,,tal-,a,VERB_INF,VERB_INF,VERB_INF,
disenchant,désemplir,vwé (a),a,vwe,,vwe,ø,VERB_INF,VERB_INF,VERB_INF,
disenchant,désenchaîner,tii (a),a,ti-i,,ti-,i,VERB_INF,VERB_INF,VERB_INF,
disenchantment,désenchantement,lǔb (a),a,lub,,lub,ø,VERB_INF,VERB_INF,VERB_INF,
disenchant,désenchanter,təgəbə (a),a,tëg-ëb-ë,,tëg-,ëb-ë,VERB_INF,VERB_INF,VERB_INF,
remove,enlever,vaa (a),a,va-a,,va-,a,VERB_INF,VERB_INF,VERB_INF,
open,ouvrir,yái (a),a,ya-i,,ya-,i,VERB_INF,VERB_INF,VERB_INF,
drum,tambouriner,bamándán (a),a,bam-and-an,,bam-,and-an,VERB_INF,VERB_INF,VERB_INF,
whip,fouetter,vam (a),a,vam,,vam,ø,VERB_INF,VERB_INF,VERB_INF,
tapping,battement à petits coups,kəgé (a),a,këg-e,,këg-,e,VERB_INF,VERB_INF,VERB_INF,
flapping,battement d'ailes,babálán (a),a,ba-bal-an,,ba-,bal-an,VERB_INF,VERB_INF,VERB_INF,
to hit,taper,bimi (a),a,bim-i,,bim-,i,VERB_INF,VERB_INF,VERB_INF,
to strike,taper,bimi (a),a,bim-i,,bim-,i,VERB_INF,VERB_INF,VERB_INF,
chastise,châtier,bɔb (a),a,bòb,,bòb,ø,VERB_INF,VERB_INF,VERB_INF,
box,boxer,bom (a),a,bom,,bom,ø,VERB_INF,VERB_INF,VERB_INF,
to bash,cogner,konde (a),a,kond-e,,kond-,e,VERB_INF,VERB_INF,VERB_INF,
to bang,cogner,konde (a),a,kond-e,,kond-,e,VERB_INF,VERB_INF,VERB_INF,
to flog,flageller,kɔdan (a),a,kod-an,,kod-,an,VERB_INF,VERB_INF,VERB_INF,
to scourge,flageller,kɔdan (a),a,kod-an,,kod-,an,VERB_INF,VERB_INF,VERB_INF,
illuminate,éclairer,koe (a),a,koe,,koe,ø,VERB_INF,VERB_INF,VERB_INF,
hit,frapper,kud (a),a,kud,,kud,ø,VERB_INF,VERB_INF,VERB_INF,
thrash,rosser,kum (a),a,kum,,kum,ø,VERB_INF,VERB_INF,VERB_INF,
beat up,tabasser,lwí (a),a,lwi,,lwi,ø,VERB_INF,VERB_INF,VERB_INF,
fling,flanquer,sím (a),a,sim,,sim,ø,VERB_INF,VERB_INF,VERB_INF,
mistreat,maltraiter,tság (a),a,tsag,,tsag,ø,VERB_INF,VERB_INF,VERB_INF,
slap,talocher,vui (a),a,vui,,vui,ø,VERB_INF,VERB_INF,VERB_INF,
hit,frapper,yíd (a),a,yid,,yid,ø,VERB_INF,VERB_INF,VERB_INF,
chat,causer,lɛ́ɛ́ (a),a,lèè,,lèè,ø,VERB_INF,VERB_INF,VERB_INF,
discourse,discourir,táŋán (a),a,taṅ-an,,taṅ-,an,VERB_INF,VERB_INF,VERB_INF,
spoilt,abimé,boe (a),a,boe,,boe,ø,VERB_INF,VERB_INF,VERB_INF,
speed up,accélérer,sə́gəle (a),a,sëg-ë-l-e,,sëg-,ë-l-e,VERB_INF,VERB_INF,VERB_INF,
accept,accepter,yə́bə (a),a,yëb-ë,,yëb-,ë,VERB_INF,VERB_INF,VERB_INF,
accompany,accompagner,léde (a),a,led-e,,led-,e,VERB_INF,VERB_INF,VERB_INF,
escort,raccompagner,lə́dan (a),a,lëd-an,,lëd-,an,VERB_INF,VERB_INF,VERB_INF,
hang,accrocher,fani (a),a,fan-i,,fan-,i,VERB_INF,VERB_INF,VERB_INF,
buy,acheter,kus (a),a,kus,,kus,ø,VERB_INF,VERB_INF,VERB_INF,
add,ajouter,bág (a),a,bag,,bag,ø,VERB_INF,VERB_INF,VERB_INF,
place,poser,bəde (a),a,bëd-e,,bëd-,e,VERB_INF,VERB_INF,VERB_INF,
peal,peler,fóde (a),a,fod-e,,fod-,e,VERB_INF,VERB_INF,VERB_INF,
associate,rajouter,kogolo (a),a,kog-o-l-o,,kog-,o-l-o,VERB_INF,VERB_INF,VERB_INF,
aggregate,agréger,lugusu (a),a,lug-u-s-u,,lug-,u-s-u,VERB_INF,VERB_INF,VERB_INF,
light,allumer,bɔi (a),a,bòi,,bòi,ø,VERB_INF,VERB_INF,VERB_INF,
start,démarrer,tsai (a),a,tsai,,tsai,ø,VERB_INF,VERB_INF,VERB_INF,
torch,torcher,koe (a),a,koe,,koe,ø,VERB_INF,VERB_INF,VERB_INF,
have fun,s'amuser,mugudan (a),a,mug-ud-an,,mug-,ud-an,VERB_INF,VERB_INF,VERB_INF,
call,appeler,lóe (a),a,loe,,loe,ø,VERB_INF,VERB_INF,VERB_INF,
praise,louer,sə́ge (a),a,sëg-e,,sëg-,e,VERB_INF,VERB_INF,VERB_INF,
bring,apporter,sɔ́ (a),a,sò,,sò,ø,VERB_INF,VERB_INF,VERB_INF,
come,venir,zu (a),a,zu,,zu,ø,VERB_INF,VERB_INF,VERB_INF,
teach,enseigner,yə́gələ (a),a,yëg-ël-ë,,yëg-,ël-ë,VERB_INF,VERB_INF,VERB_INF,
instruct,instruire,dzig (a),a,dzig,,dzig,ø,VERB_INF,VERB_INF,VERB_INF,
profess,professer,dzigidi (a),a,dzig-id-i,,dzig-,id-i,VERB_INF,VERB_INF,VERB_INF,
inculcate,inculquer,sim (a),a,sim,,sim,ø,VERB_INF,VERB_INF,VERB_INF,
educate,éduquer,tə́bələ (a),a,tëb-ël-ë,,tëb-,ël-ë,VERB_INF,VERB_INF,VERB_INF,
initiate,initier,wonde (a),a,wond-e,,won-,e,VERB_INF,VERB_INF,VERB_INF,
train,former,yáŋala (a),a,yaṅ-al-a,,yaṅ-,al-a,VERB_INF,VERB_INF,VERB_INF,
learn,apprendre,yə́ge (a),a,yëg-e,,yëg-,e,VERB_INF,VERB_INF,VERB_INF,
press,appuyer,bán (a),a,ban,,ban,ø,VERB_INF,VERB_INF,VERB_INF,
move in,s'installer,vəmbə (a),a,vëmb-ë,,vëmb-,ë,VERB_INF,VERB_INF,VERB_INF,
extract,extraire,dɔli (a),a,dòl-i,,dòl-,i,VERB_INF,VERB_INF,VERB_INF,
extirpate,extirper,tɔl (a),a,tòl,,tòl,ø,VERB_INF,VERB_INF,VERB_INF,
uproot,déraciner,landa (a),a,lan-da,,lan-,da,VERB_INF,VERB_INF,VERB_INF,
extort,extorquer,wumi (a),a,wum-i,,wum-,i,VERB_INF,VERB_INF,VERB_INF,
pull up,arracher,tyé (a),a,tye,,ty-,e,VERB_INF,VERB_INF,VERB_INF,
stop,s'arrêter,súg (a),a,sug,,sug,ø,VERB_INF,VERB_INF,VERB_INF,
arrive,arriver,suan (a),a,su-an,,su-,an,VERB_INF,VERB_INF,VERB_INF,
water,arroser,myân (a),a,myan,,myan,ø,VERB_INF,VERB_INF,VERB_INF,
sprinkle,parsemer,kudan (a),a,kud-an,,kud-,an,VERB_INF,VERB_INF,VERB_INF,
sit,s'assoir,tɔbɔ (a),a,tòb-ò,,tòb-,ò,VERB_INF,VERB_INF,VERB_INF,
tie,attacher,faŋ (a),a,faṅ,,faṅ,ø,VERB_INF,VERB_INF,VERB_INF,
attack,attaquer,tindi (a),a,tind-i,,tind-,i,VERB_INF,VERB_INF,VERB_INF,
wait,attender,nɔ́ni (a),a,nòn-i,,nòn-,i,VERB_INF,VERB_INF,VERB_INF,
careful,attention,liŋ (ǹ),n,liṅ,,liṅ,ø,VERB_INF,VERB_INF,VERB_INF,
land,atterrir,sus (a),a,su-s,,su-,s,VERB_INF,VERB_INF,VERB_INF,
catch,attraper,ka (a),a,ka,,ka,ø,VERB_INF,VERB_INF,VERB_INF,
forget,oublier,vóan (a),a,vo-an,,vo-,an,VERB_INF,VERB_INF,VERB_INF,
